date,duration_sec,duration_min,danceability,energy,tempo,acousticness,loudness,valence,track_count,duration_sec_ma12,duration_sec_ma36,duration_sec_ma60,danceability_ma12,acousticness_ma12,duration_rolling_std
1921-01-01,245.0872105263158,4.084786842105263,0.41766947368421053,0.23601684210526316,101.81852631578947,0.9200947368421053,-16.23341052631579,0.405658947368421,95.0,245.0872105263158,245.0872105263158,245.0872105263158,0.41766947368421053,0.9200947368421053,
1921-02-01,239.97462508122157,3.999577084687026,0.4267556595191683,0.24050926575698506,102.20892072774528,0.9235930149447693,-16.062367056530213,0.42302070175438594,89.33333333333333,242.5309178037687,242.5309178037687,242.5309178037687,0.4222125666016894,0.9218438758934373,3.6151438376217704
1921-03-01,234.86203963612738,3.9143673272687893,0.43584184535412607,0.24500168940870695,102.5993151397011,0.9270912930474334,-15.89132358674464,0.4403824561403508,83.66666666666667,239.97462508122157,239.97462508122157,239.97462508122157,0.42675565951916833,0.9235930149447693,5.112585445094208
1921-04-01,229.74945419103315,3.829157569850552,0.4449280311890838,0.24949411306042885,102.98970955165692,0.9305895711500975,-15.720280116959065,0.45774421052631575,78.0,237.4183323586745,237.4183323586745,237.4183323586745,0.43129875243664717,0.9253421539961014,6.600319428304101
1921-05-01,224.63686874593893,3.743947812432315,0.4540142170240416,0.25398653671215077,103.38010396361274,0.9340878492527616,-15.54923664717349,0.4751059649122807,72.33333333333333,234.86203963612738,234.86203963612738,234.86203963612738,0.43584184535412607,0.9270912930474335,8.083707369361717
1921-06-01,219.52428330084473,3.6587380550140782,0.46310040285899934,0.25847896036387263,103.77049837556855,0.9375861273554256,-15.378193177387915,0.4924677192982456,66.66666666666666,232.30574691358026,232.30574691358026,232.30574691358026,0.44038493827160496,0.9288404320987654,9.564771548074841
1921-07-01,214.4116978557505,3.5735282975958413,0.47218658869395713,0.26297138401559456,104.16089278752438,0.9410844054580897,-15.20714970760234,0.5098294736842105,61.0,229.74945419103315,229.74945419103315,229.74945419103315,0.4449280311890838,0.9305895711500974,11.044446856036565
1921-08-01,209.29911241065628,3.4883185401776045,0.48127277452891487,0.2674638076673164,104.55128719948019,0.9445826835607538,-15.036106237816764,0.5271912280701754,55.33333333333333,227.19316146848604,227.19316146848604,227.19316146848604,0.4494711241065627,0.9323387102014296,12.523225606860834
1921-09-01,204.18652696556208,3.4031087827593676,0.4903589603638726,0.27195623131903834,104.941681611436,0.9480809616634178,-14.865062768031189,0.5445529824561404,49.666666666666664,224.63686874593893,224.63686874593893,224.63686874593893,0.4540142170240416,0.9340878492527617,14.001391877253438
1921-10-01,199.07394152046786,3.3178990253411307,0.4994451461988304,0.2764486549707602,105.33207602339182,0.9515792397660818,-14.694019298245614,0.5619147368421052,44.0,222.0805760233918,222.0805760233918,222.0805760233918,0.4585573099415205,0.9358369883040936,15.479121133193159
1921-11-01,193.96135607537366,3.2326892679228934,0.5085313320337881,0.28094107862248213,105.72247043534763,0.955077517868746,-14.522975828460039,0.5792764912280701,38.33333333333333,219.5242833008447,219.5242833008447,219.5242833008447,0.46310040285899934,0.9375861273554257,16.95652763000964
1921-12-01,188.84877063027943,3.1474795105046565,0.5176175178687459,0.28543350227420405,106.11286484730346,0.9585757959714101,-14.351932358674464,0.5966382456140351,32.666666666666664,216.96799057829762,216.96799057829762,216.96799057829762,0.4676434957764782,0.9393352664067577,18.433688972478045
1922-01-01,183.7361851851852,3.0622697530864196,0.5267037037037037,0.2899259259259259,106.50325925925927,0.9620740740740741,-14.180888888888889,0.614,27.0,211.8554051332034,214.4116978557505,214.4116978557505,0.476729681611436,0.9428335445094218,18.433688972478027
1922-02-01,183.75798522927693,3.0626330871546146,0.5334651675485008,0.28564406966490297,106.97605114638449,0.9634349647266314,-14.087719576719577,0.6153882936507936,35.25,207.17068514554134,212.22214695385952,212.22214695385952,0.4856221406138803,0.9461537069912435,17.76929179254216
1922-03-01,183.77978527336862,3.06299642122281,0.540226631393298,0.28136221340388007,107.4488430335097,0.9647958553791887,-13.994550264550265,0.6167765873015874,43.5,202.91383061531144,210.32598950849348,210.32598950849348,0.49432087278381137,0.9492957538522232,16.61351694008063
1922-04-01,183.80158531746034,3.063359755291005,0.5469880952380952,0.2770803571428571,107.92163492063493,0.9661567460317461,-13.901380952380952,0.618164880952381,51.75,199.08484154251371,208.6682142465539,208.6682142465539,0.502825878121229,0.9522596850923605,15.091513979397789
1922-05-01,183.82338536155206,3.0637230893592005,0.5537495590828924,0.2727985008818342,108.39442680776015,0.9675176366843034,-13.80821164021164,0.6195531746031746,60.0,195.68371792714814,207.20675372390673,207.20675372390673,0.5111371566261332,0.9550455007116557,13.302378408283383
1922-06-01,183.84518540564375,3.0640864234273955,0.5605110229276895,0.26851664462081126,108.86721869488537,0.9688785273368606,-13.715042328042328,0.6209414682539682,68.25,192.71045976921474,205.90888881733656,205.90888881733656,0.519254708298524,0.9576532007101086,11.33049429447889
1922-07-01,183.86698544973547,3.0644497574955905,0.5672724867724868,0.26423478835978836,109.34001058201059,0.970239417989418,-13.621873015873017,0.6223297619047619,76.5,190.16506706871346,204.7487886400944,204.7487886400944,0.5271785331384015,0.9600827850877193,9.252499053489181
1922-08-01,183.88878549382719,3.064813091563786,0.5740339506172839,0.2599529320987654,109.81280246913582,0.9716003086419753,-13.528703703703705,0.6237180555555556,84.75,188.0475398256444,203.70578848278106,203.70578848278106,0.5349086311457656,0.9623342538444878,7.142504563533427
1922-09-01,183.91058553791888,3.065176425631981,0.580795414462081,0.2556710758377425,110.28559435626103,0.9729611992945326,-13.435534391534393,0.6251063492063492,93.0,186.35787804000745,202.76315977112094,202.76315977112094,0.5424450023206163,0.964407606980414,5.0771957839956166
1922-10-01,183.9323855820106,3.0655397597001763,0.5875568783068782,0.25138921957671956,110.75838624338625,0.9743220899470899,-13.34236507936508,0.6264946428571428,101.25,185.09608171180267,201.90721548979775,201.90721548979775,0.5497876466629535,0.9663028444954981,3.1426142975886897
1922-11-01,183.95418562610232,3.0659030937683713,0.5943183421516753,0.24710736331569663,111.23117813051148,0.9756829805996472,-13.249195767195769,0.6278829365079366,109.5,184.2621508410301,201.1266489739849,201.1266489739849,0.5569365641727776,0.9680199663897397,1.4460548090930994
1922-12-01,183.975985670194,3.0662664278365668,0.6010798059964726,0.2428255070546737,111.70397001763669,0.9770438712522046,-13.156026455026456,0.6292712301587302,117.75,183.85608542768964,200.41203800299363,200.41203800299363,0.5638917548500881,0.9695589726631394,0.07860117674501896
1923-01-01,183.99778571428573,3.0666297619047618,0.6078412698412697,0.23854365079365078,112.17676190476192,0.9784047619047619,-13.062857142857144,0.6306595238095238,126.0,183.8778854717813,199.7554679114453,199.7554679114453,0.5706532186948853,0.9709198633156966,0.07860117674504367
1923-02-01,186.34594042158147,3.1057656736930244,0.607060154846852,0.25035102240182516,112.61750575214796,0.9690645844983253,-13.0068377020533,0.6360082332168342,124.58333333333333,184.09354840447338,199.23971685414284,199.23971685414284,0.5767861343030812,0.9713889982966712,0.7126616407062613
1923-03-01,188.69409512887725,3.1449015854812874,0.6062790398524343,0.2621583940099995,113.05824959953401,0.9597244070918887,-12.950818261249456,0.6413569426241444,123.16666666666667,184.50307422576574,198.84913827172562,198.84913827172562,0.5822905016746759,0.9709663776060627,1.4966872156622943
1923-04-01,191.04224983617303,3.18403749726955,0.6054979248580166,0.2739657656181739,113.49899344692007,0.9503842296854521,-12.89479882044561,0.6467056520314548,121.75,185.10646293565847,198.57032082759875,198.57032082759875,0.5871663208096694,0.9696520012438716,2.3844304559018448
1923-05-01,193.39040454346878,3.2231734090578126,0.6047168098635988,0.28577313722634823,113.93973729430611,0.9410440522790156,-12.838779379641766,0.6520543614387652,120.33333333333333,185.90371453415153,198.39170302469768,198.39170302469768,0.5914135917080615,0.9674458692100977,3.32880914762179
1923-06-01,195.73855925076452,3.262309320846075,0.6039356948691811,0.2975805088345226,114.38048114169216,0.931703874872579,-12.782759938837922,0.6574030708460754,118.91666666666667,186.89482902124493,198.30326489889993,198.30326489889993,0.5950323143698525,0.9643479815047408,4.29153084641299
1923-07-01,198.0867139580603,3.3014452326343378,0.6031545798747633,0.30938788044269694,114.82122498907822,0.9223636974661424,-12.726740498034076,0.6627517802533858,117.5,188.0798063969387,198.29627938467928,198.29627938467928,0.5980224887950423,0.9603583381278011,5.238233587048995
1923-08-01,200.43486866535608,3.340581144422601,0.6023734648803456,0.3211952520508713,115.26196883646426,0.9130235200597058,-12.670721057230232,0.6681004896606961,116.08333333333333,189.45864666123273,198.36311029970042,198.36311029970042,0.6003841149836306,0.9554769390792788,6.135578093755266
1923-09-01,202.78302337265183,3.3797170562108634,0.6015923498859279,0.33300262365904565,115.70271268385031,0.9036833426532692,-12.614701616426387,0.6734491990680064,114.66666666666667,191.03134981412714,198.49704705948682,198.49704705948682,0.6021171929356179,0.9497037843591735,6.949007738352812
1923-10-01,205.13117807994757,3.418852967999126,0.6008112348915101,0.34480999526722,116.14345653123635,0.8943431652468327,-12.558682175622543,0.6787979084753167,113.25,192.7979158556219,198.69216856008862,198.69216856008862,0.6032217226510039,0.9430388739674852,7.640422352877024
1923-11-01,207.47933278724335,3.457988879787389,0.6000301198970924,0.3566173668753944,116.5842003786224,0.885002987840396,-12.5026627348187,0.6841466178826271,111.83333333333333,194.758344785717,198.94323039515018,198.94323039515018,0.6036977041297887,0.9354822079042143,8.165056647924132
1923-12-01,209.82748749453913,3.4971247915756516,0.5992490049026746,0.36842473848356877,117.02494422600846,0.8756628104339594,-12.446643294014853,0.6894953272899373,110.41666666666667,196.91263660441243,199.2455708701332,199.2455708701332,0.6035451373719721,0.9270337861693606,8.466392199876799
1924-01-01,212.17564220183488,3.536260703363914,0.598467889908257,0.3802321100917431,117.4656880733945,0.8663226330275229,-12.39062385321101,0.6948440366972477,109.0,199.26079131170818,198.33136063889762,199.5950322574765,0.6027640223775544,0.917693608762924,8.466392199876816
1924-02-01,209.92102794204342,3.4986837990340565,0.600058417154858,0.37327491617847536,117.75586667772006,0.8739117107973177,-12.391638632511699,0.6930744031170554,113.75,201.22538193841334,197.49653849614268,199.86676898601772,0.602180544236555,0.9097642026211733,7.914369217600749
1924-03-01,207.66641368225197,3.4611068947041987,0.6016489444014591,0.36631772226520765,118.04604528204563,0.8815007885671124,-12.392653411812386,0.691304769536863,118.5,202.8064084845279,196.74110444186834,200.06675987566476,0.6017947029489737,0.9032455677441087,7.028950799667615
1924-04-01,205.4117994224605,3.423529990374341,0.6032394716480601,0.3593605283519399,118.33622388637119,0.8890898663369072,-12.393668191113075,0.6895351359566707,123.25,204.00387095005183,196.06505847607468,200.20038586433466,0.6016064985148106,0.8981377041317301,5.989788884922584
1924-05-01,203.15718516266904,3.3859530860444838,0.6048299988946613,0.3524033344386721,118.62640249069673,0.896678944106702,-12.394682970413765,0.6877655023764784,128.0,204.8177693349852,195.46840059876163,200.2725029203916,0.601615930934066,0.8944406117840372,4.997957041107236
1924-06-01,200.90257090287759,3.348376181714626,0.6064205261412623,0.3454461405254044,118.9165810950223,0.9042680218764968,-12.395697749714454,0.685995868796286,132.75,205.24810363932798,194.9511308099292,200.2875045390222,0.6018230002067393,0.8921542907010305,4.321718850808001
1924-07-01,198.6479566430861,3.3107992773847683,0.6080110533878633,0.33848894661213663,119.20675969934786,0.9118570996462916,-12.396712529015144,0.6842262352160937,137.5,205.29487386308014,194.51324910957743,200.24937551818647,0.602227706332831,0.8912787408827095,4.2394251415492334
1924-08-01,196.39334238329465,3.2732223730549106,0.6096015806344645,0.33153175269886886,119.49693830367342,0.9194461774160863,-12.397727308315831,0.6824566016359014,142.25,204.95808000624166,194.15475549770625,200.1617384014844,0.6028300493123409,0.8918139623290745,4.785930438449521
1924-09-01,194.1387281235032,3.235645468725053,0.6111921078810655,0.32457455878560115,119.78711690799898,0.927035255185881,-12.39874208761652,0.680686968055709,147.0,204.2377220688126,193.87564997431573,200.02789372864038,0.6036300291452691,0.8937599550401255,5.7053160926331055
1924-10-01,191.88411386371175,3.1980685643951956,0.6127826351276666,0.3176173648723334,120.07729551232453,0.9346243329556758,-12.39975686691721,0.6789173344755167,151.75,203.13380005079296,193.67593253940584,199.85085503592452,0.6046276458316154,0.8971167190158624,6.709874643621881
1924-11-01,189.6294996039203,3.160491660065338,0.6143731623742676,0.3106601709590656,120.36747411665009,0.9422134107254706,-12.400771646217898,0.6771477008953244,156.5,201.6463139521827,193.55560319297658,199.6333793884351,0.60582289937138,0.9018842542562854,7.5809431659407105
1924-12-01,187.3748853441288,3.12291475573548,0.6159636896208688,0.30370297704579785,120.65765272097565,0.9498024884952654,-12.401786425518587,0.6753780673151321,161.25,199.77526377298184,193.51466193502796,199.37799409584537,0.6072157897645628,0.9080625607613942,8.129127320070198
1925-01-01,185.12027108433736,3.0853378514056224,0.6175542168674698,0.29674578313253014,120.94783132530121,0.9573915662650602,-12.402801204819276,0.6736084337349397,166.0,197.5206495131904,193.55310876555995,199.087020156835,0.6088063170111638,0.9156516385311889,8.129127320070186
1925-02-01,183.82369508190243,3.06372825136504,0.6135695806849444,0.2915230728583626,119.84081834740537,0.9333708635644942,-12.74698706242292,0.6555872335483667,205.08333333333334,195.34587177484528,193.55493403924402,198.78175365533636,0.6099322473053378,0.9206065679284537,7.999949419298182
1925-03-01,182.5271190794675,3.042118651324458,0.6095849445024191,0.28630036258419506,118.73380536950954,0.9093501608639281,-13.091172920026562,0.6375660333617936,244.16666666666669,193.2509305579466,193.5201377560801,198.46303533031931,0.6105935806470845,0.9229273489531883,7.768528708078158
1925-04-01,181.23054307703256,3.0205090512838755,0.6056003083198938,0.2810776523100275,117.62679239161369,0.8853294581633621,-13.435358777630206,0.6195448331752206,283.25,191.2358258624943,193.44871991606817,198.13164124852534,0.610790317036404,0.9226139816053928,7.457306616018103
1925-05-01,179.9339670745976,2.9988994512432936,0.6016156721373683,0.27585494203586,116.51977941371786,0.8613087554627961,-13.779544635233849,0.6015236329886475,322.33333333333337,189.30055768848834,193.34068051920835,197.78828890562104,0.6105224564732962,0.9196664658850673,7.0864511649935915
1925-06-01,178.63739107216267,2.9772898512027113,0.5976310359548429,0.27063223176169243,115.41276643582202,0.83728805276223,-14.123730492837492,0.5835024328020744,361.4166666666667,187.44512603592875,193.19601956550056,197.4336426494459,0.6097899989577612,0.9140848017922116,6.675467865830196
1925-07-01,177.34081506972774,2.955680251162129,0.5936463997723176,0.2654095214875249,114.30575345792619,0.813267350061664,-14.467916350441135,0.5654812326155013,400.5,185.6695309048155,193.0147370549448,197.06831851163284,0.6085929444897991,0.9058689893268261,6.244571556439895
1925-08-01,176.0442390672928,2.9340706511215466,0.5896617635897923,0.26018681121335735,113.19874048003035,0.789246647361098,-14.812102208044777,0.5474600324289283,439.58333333333337,183.97377229514873,192.79683298754105,196.69288852155532,0.6069312930694097,0.8950190284889105,5.815968271944304
1925-09-01,174.74766306485787,2.9124610510809643,0.5856771274072669,0.2549641009391898,112.09172750213452,0.7652259446605318,-15.15628806564842,0.5294388322423552,478.6666666666667,182.35785020692825,192.54230736328935,196.30788456617466,0.6048050446965931,0.8815349192784647,5.414968064518994
1925-10-01,173.4510870624229,2.8908514510403824,0.5816924912247414,0.2497413906650223,110.98471452423868,0.7412052419599658,-15.500473923252063,0.5114176320557822,517.75,180.8217646401542,192.25116018218966,195.91380185059276,0.6022141993713493,0.8654166616954888,5.070473302004213
1925-11-01,172.15451105998798,2.8692418509998,0.5777078550422161,0.24451868039085475,109.87770154634283,0.7171845392593998,-15.844659780855707,0.4933964318692091,556.8333333333334,179.36551559482652,191.92339144424207,195.51110200668418,0.5991587570936785,0.8466642557399829,4.813842243670901
1925-12-01,170.85793505755305,2.847632250959218,0.5737232188596908,0.2392959701166872,108.770688568447,0.6931638365588337,-16.188845638459348,0.475375231682636,595.9166666666667,177.98910307094522,191.5590011494465,195.10021589086534,0.5956387178635804,0.8252777014119469,4.6748712593148
1926-01-01,169.56135905511812,2.8260226509186355,0.5697385826771654,0.23407325984251967,107.66367559055116,0.6691431338582677,-16.533031496062993,0.45735403149606296,635.0,176.69252706851026,191.15798929780294,193.84145169967871,0.5916540816810549,0.801256998711381,4.674871259314792
1926-02-01,172.21629571592257,2.8702715952653763,0.5683771187231038,0.24251377076088837,108.22591243854669,0.6827215903260855,-16.173094438226947,0.46490693157866686,598.5,175.72524378801197,190.7654991670902,192.7121462102571,0.5878880431842348,0.7803695592748469,4.246432521462989
1926-03-01,174.87123237672702,2.914520539612117,0.5670156547690421,0.2509542816792571,108.78814928654222,0.6963000467939033,-15.813157380390903,0.47245983166127076,562.0,175.08725322945023,190.38153075730824,191.7122994226004,0.58434060237312,0.7626153831023448,3.667219969219289
1926-04-01,177.52616903753147,2.958769483958858,0.5656541908149806,0.25939479259762577,109.35038613453774,0.7098785032617211,-15.45322032255486,0.48001273174387465,525.5,174.77855539282515,190.0060840684571,190.84191133670868,0.5810117592477108,0.7479944701938748,3.2333249596900884
1926-05-01,180.18110569833593,3.003018428305599,0.564292726860919,0.2678353035159945,109.91262298253326,0.7234569597295389,-15.093283264718814,0.48756563182647855,489.0,174.7991502781367,189.63915910053674,190.10098195258198,0.5779015138080066,0.7365068205494367,3.26973009239032
1926-06-01,182.83604235914038,3.04726737265234,0.5629312629068575,0.2762758144343632,110.47485983052879,0.7370354161973567,-14.73334620688277,0.49511853190908245,452.5,175.14903788538481,189.2807558535472,189.48951127022025,0.5750098660540077,0.7281524341690306,3.8846196669361244
1926-07-01,185.49097901994486,3.0915163169990807,0.5615697989527959,0.2847163253527319,111.0370966785243,0.7506138726651745,-14.373409149046726,0.5026714319916863,416.0,175.82821821456957,188.9308743274884,189.0074992896235,0.5723368159857144,0.7229313110526564,4.886059926831711
1926-08-01,188.14591568074928,3.1357652613458216,0.5602083349987342,0.2931568362711006,111.59933352651984,0.7641923291329923,-14.01347209121068,0.5102243320742902,379.5,176.83669126569097,188.58951452236045,188.6549460107917,0.5698823636031262,0.7208434512003142,6.045916644660121
1926-09-01,190.80085234155376,3.180014205692563,0.5588468710446727,0.3015973471894693,112.16157037451536,0.77777078560081,-13.653535033374636,0.5177772321568941,343.0,178.17445703874895,188.25667643816328,188.43185143372492,0.5676465089062434,0.7218888546120041,7.206326370765825
1926-10-01,193.45578900235822,3.2242631500393037,0.5574854070906111,0.310037858107838,112.72380722251089,0.7913492420686279,-13.29359797553859,0.525330132239498,306.5,179.84151553374355,187.9323600748969,188.3382155584231,0.5656292518950657,0.726067521287726,8.252285698365421
1926-11-01,196.11072566316267,3.2685120943860446,0.5561239431365494,0.31847836902620674,113.28604407050642,0.8049276985364456,-12.933660917702547,0.5328830323221019,270.0,181.8378667506748,187.61656543256134,188.3740383848862,0.5638305925695936,0.7333794512274797,9.079820552899688
1926-12-01,198.76566232396712,3.3127610387327855,0.5547624791824879,0.32691887994457547,113.84828091850194,0.8185061550042635,-12.5737238598665,0.5404359324047058,233.5,184.16351068954262,187.30929251115657,188.53931991311435,0.5622505309298266,0.7438246444312656,9.572510263639424
1927-01-01,201.42059898477157,3.3570099830795264,0.5534010152284263,0.33535939086294414,114.41051776649746,0.8320846114720812,-12.213786802030457,0.5479888324873097,197.0,186.8184473503471,187.01054131068258,188.83406014310742,0.560889066975765,0.7574031008990834,9.572510263639442
1927-02-01,204.0743287851362,3.4012388130856035,0.5455275886794597,0.32271433288190204,113.46679675537892,0.8416245028072028,-12.777980171456429,0.5348780275405851,245.08333333333334,189.4732834394482,186.8481330007685,189.17266586903844,0.558984939472128,0.7706450102725099,9.572342907085634
1927-03-01,206.72805858550086,3.445467643091681,0.5376541621304931,0.31006927490086,112.52307574426038,0.8511643941423244,-13.342173540882401,0.5217672225938605,293.1666666666667,192.12801895684603,186.8220675814143,189.5551370909073,0.5565381484189157,0.7835503725515448,9.57203862647337
1927-04-01,209.3817883858655,3.4896964730977587,0.5297807355815265,0.2974242169198179,111.57935473314183,0.8607042854774459,-13.906366910308373,0.508656417647136,341.25,194.78265390254055,186.93234505262,189.98147380871404,0.5535486938161278,0.7961191877361885,9.571627847865768
1927-05-01,212.03551818623015,3.533925303103836,0.5219073090325599,0.28477915893877587,110.63563372202329,0.8702441768125675,-14.470560279734345,0.4955456127004115,389.33333333333337,197.4371882765317,187.17896541438554,190.4516760224587,0.5500165756637645,0.8083514558264411,9.571140994761898
1927-06-01,214.68924798659478,3.578154133109913,0.5140338824835933,0.27213410095773377,109.69191271090475,0.8797840681476891,-15.034753649160317,0.4824348077536869,437.4166666666667,200.09162207881957,187.56192866671105,190.96574373214122,0.5459417939618257,0.820247176822302,9.570608490998115
1927-07-01,217.3429777869594,3.6223829631159905,0.5061604559346267,0.25948904297669173,108.7481916997862,0.8893239594828106,-15.598947018586287,0.46932400280696235,485.5,202.74595530940414,188.0812348095964,191.5236769377616,0.5413243487103118,0.8318063507237717,9.570060762683019
1927-08-01,219.99670758732407,3.666611793122068,0.49828702938566,0.24684398499564963,107.80447068866766,0.8988638508179322,-16.16314038801226,0.4562131978602378,533.5833333333334,205.40018796828534,188.7368838430417,192.12547563931992,0.5361642399092222,0.84302897753085,9.569528239165779
1927-09-01,222.6504373876887,3.710840623128145,0.4904136028366934,0.23419892701460754,106.86074967754912,0.9084037421530538,-16.72733375743823,0.4431023929135132,581.6666666666667,208.05432005546325,189.52887576704683,192.77113983681605,0.5304614675585573,0.8539150572435369,9.56904135303735
1927-10-01,225.30416718805336,3.7550694531342224,0.4825401762877267,0.2215538690335655,105.91702866643058,0.9179436334881753,-17.291527126864203,0.4299915879667887,629.75,210.70835157093782,190.45721058161186,193.4606695302501,0.524216031658317,0.8644645898618327,9.568630539163776
1927-11-01,227.95789698841799,3.7992982831403,0.4746667497387601,0.2089088110525234,104.97330765531203,0.9274835248232969,-17.855720496290175,0.41688078302006415,677.8333333333334,213.36228251470914,191.5218882867368,194.19406471962205,0.5174279322085011,0.874677575385737,9.56832623275107
1927-12-01,230.61162678878264,3.8435271131463775,0.4667933231897935,0.19626375307148133,104.02958664419349,0.9370234161584184,-18.419913865716147,0.4037699780733396,725.9166666666667,216.0161128867771,192.72290888242162,194.97132540493186,0.51009716920911,0.8845540138152499,9.568158866441468
1928-01-01,233.26535658914727,3.8877559431524547,0.4589198966408269,0.18361869509043927,103.08586563307495,0.94656330749354,-18.98410723514212,0.390659173126615,774.0,218.6698426871417,194.06027236866638,195.79245158617954,0.5022237426601434,0.8940939051503713,9.568158866441472
1928-02-01,227.11849265821746,3.785308210970291,0.4755478535198174,0.188069870852303,103.47795061044803,0.8967072984769561,-18.954275694529894,0.4096733778351996,756.75,220.5901896765652,195.26290563467512,196.4719941234568,0.4963920980635064,0.8986841381228508,8.639992500947697
1928-03-01,220.97162872728762,3.682860478788127,0.4921758103988078,0.19252104661416677,103.87003558782112,0.8468512894603721,-18.92444415391767,0.42868758254378414,739.5,221.77715385504743,196.3308086804479,197.00995301676363,0.4926022354191994,0.8983247127326881,7.460345985227621
1928-04-01,214.8247647963578,3.5804127466059636,0.5088037672777983,0.19697222237603051,104.26212056519421,0.7969952804437881,-18.89461261330544,0.44770178725236864,722.25,222.23073522258844,197.2639815059847,197.40632826610005,0.490854154727222,0.8930156289798834,6.7719084206700115
1928-05-01,208.677900865428,3.4779650144237997,0.5254317241567887,0.20142339813789426,104.65420554256731,0.7471392714272042,-18.864781072693216,0.4667159919609532,705.0,221.95093377918826,198.06242411128557,197.661119871466,0.49114785598757443,0.8827568868644363,7.281630578871911
1928-06-01,202.53103693449816,3.375517282241636,0.5420596810357793,0.20587457389975802,105.0462905199404,0.6972832624106202,-18.83494953208099,0.48573019666953776,687.75,220.93774952484685,198.72613649635042,197.7743278328616,0.4934833392002566,0.8675484863863474,9.021818944133027
1928-07-01,196.38417300356835,3.273069550059472,0.5586876379147697,0.21032574966162176,105.43837549731349,0.6474272533940363,-18.805117991468766,0.5047444013781224,670.5,219.1911824595643,199.25511866117932,197.74595215028677,0.49786060436526847,0.8473904275456161,11.475963677674306
1928-08-01,190.23730907263854,3.1706218178773087,0.5753155947937602,0.2147769254234855,105.83046047468657,0.5975712443774523,-18.77528645085654,0.5237586060867069,653.25,216.7112325833405,199.64937060577228,197.57599282374142,0.5042796514826101,0.8222827103422429,14.182419534428673
1928-09-01,184.0904451417087,3.068174085695145,0.5919435516727507,0.21922810118534927,106.22254545205966,0.5477152353608683,-18.745454910244316,0.5427728107952914,636.0,213.49789989617548,199.90889233012925,197.26444985322573,0.5127404805522816,0.7922253347762274,16.834722770780193
1928-10-01,177.9435812107789,2.965726353512981,0.6085715085517411,0.223679276947213,106.61463042943276,0.4978592263442844,-18.71562336963209,0.561787015503876,618.75,209.5511843980693,200.03368383425024,196.81132323873956,0.5232430915742828,0.7572183008475699,19.200591064763064
1928-11-01,171.79671727984908,2.8632786213308177,0.6251994654307316,0.22813045270907678,107.00671540680585,0.44800321732770043,-18.685791829019863,0.5808012202124605,601.5,204.87108608902187,200.02374511813525,196.21661298028303,0.5357874845486138,0.71726160855627,21.06061068441994
1928-12-01,165.64985334891924,2.7608308891486537,0.6418274223097221,0.23258162847094052,107.39880038417894,0.3981472083111165,-18.655960288407638,0.599815424921045,584.25,199.45760496903327,199.87907618178434,195.480319077856,0.5503736594752745,0.6723552579023283,22.162833086267558
1929-01-01,159.50298941798943,2.65838315696649,0.6584553791887126,0.23703280423280426,107.79088536155203,0.3482911992945326,-18.626128747795413,0.6188296296296296,567.0,193.31074103810343,199.59967702519742,194.60244153145857,0.5670016163542649,0.6224992488857443,22.16283308626755
1929-02-01,165.36996298118268,2.756166049686378,0.6444831793160076,0.2408198478653782,107.84975878068808,0.3901955184304566,-18.274637302559018,0.6046144883175186,550.0,188.16503023168386,199.4095011158991,193.8599237821109,0.5810795601706141,0.5802899338818693,20.72127981061202
1929-03-01,171.23693654437594,2.8539489424062654,0.6305109794433027,0.24460689149795212,107.90863219982413,0.4320998375663805,-17.923145857322623,0.5903993470054076,533.0,184.02047254977458,199.30854845388933,193.25276582981297,0.5926074909243221,0.5457273128907033,18.407619364562773
1929-04-01,177.10391010756922,2.9517318351261532,0.6165387795705978,0.24839393513052604,107.96750561896016,0.47400415670230445,-17.57165441208623,0.5761842056932966,516.0,180.87706799237552,199.29681903916816,192.78096767456478,0.6015854086153887,0.5188113859122464,15.689045008433515
1929-05-01,182.97088367076248,3.049514727846041,0.6025665796978928,0.25218097876309997,108.02637903809621,0.5159084758382284,-17.220162966849834,0.5619690643811855,499.0,178.73481655948672,199.37431287173555,192.44452931636636,0.608013313243814,0.49954215294649845,13.087239889860351
1929-06-01,188.83785723395573,3.1472976205659284,0.5885943798251879,0.2559680223956739,108.08525245723226,0.5578127949741523,-16.86867152161344,0.5477539230690746,482.0,177.59371825110819,199.54102995159155,192.24345075521765,0.611891204809598,0.4879196139934594,11.298513135579645
1929-07-01,194.704830797149,3.2450805132858163,0.574622179952483,0.2597550660282478,108.1441258763683,0.5997171141100763,-16.517180076377045,0.5335387817569636,465.0,177.45377306723992,199.79697027873613,192.17773199111872,0.6132190833127408,0.4839437690531294,11.05233153818148
1929-08-01,200.57180436034224,3.342863406005704,0.5606499800797781,0.2635421096608218,108.20299929550436,0.6416214332460002,-16.16568863114065,0.5193236404448526,448.0,178.3149810078819,200.14213385316924,192.24737302406947,0.6119969487532423,0.4876146181255084,12.452888622148276
1929-09-01,206.4387779235355,3.4406462987255915,0.5466777802070731,0.26732915329339574,108.2618727146404,0.6835257523819241,-15.814197185904257,0.5051084991327416,431.0,180.1773420730341,200.57652067489096,192.45237385407003,0.6082248011311026,0.4989321612105964,14.837881763610698
1929-10-01,212.30575148672875,3.5384291914454793,0.5327055803343682,0.27111619692596967,108.32074613377645,0.7254300715178481,-15.462705740667863,0.49089335782063054,414.0,183.0408562626966,201.10013074390127,192.79273448112033,0.6019026404463215,0.5178963983083934,17.452893819002835
1929-11-01,218.172725049922,3.6362120841653667,0.5187333804616633,0.2749032405585436,108.37961955291249,0.767334390653772,-15.111214295431468,0.4766782165085195,397.0,186.90552357686934,201.7129640602001,193.26845490522035,0.5930304666988991,0.5445073294188993,19.723608905567676
1929-12-01,224.03969861311526,3.7339949768852545,0.5047611805889584,0.2786902841911175,108.43849297204854,0.809238709789696,-14.759722850195073,0.4624630751964085,380.0,191.77134401555236,202.41502062378757,193.87953512637011,0.5816082798888355,0.5787649545421143,21.153674013884896
1930-01-01,229.90667217630855,3.8317778696051423,0.49078898071625343,0.28247732782369145,108.49736639118458,0.8511430289256199,-14.408231404958679,0.4482479338842975,363.0,197.6383175787456,203.2063004346636,194.62597514456962,0.5676360800161305,0.6206692736780383,21.15367401388491
1930-02-01,225.04394020440895,3.7507323367401493,0.4925025679088179,0.2778036541086541,107.90487780678407,0.8447428778665029,-14.757513923013924,0.4493172502047502,357.4166666666667,202.61114901401447,203.78878964075452,195.31297922994472,0.5549710290655313,0.6585482202977088,19.85247861879273
1930-03-01,220.1812082325094,3.6696868038751562,0.49421615510138234,0.27312998039361674,107.31238922238356,0.838342726807386,-15.10679644106917,0.45038656652520287,351.8333333333333,206.68983832135893,204.16248824206028,195.94054738249545,0.543613127037038,0.6924017944011259,17.735601780463796
1930-04-01,215.3184762606098,3.5886412710101627,0.4959297422939468,0.2684563066785794,106.71990063798303,0.831942575748269,-15.456078959124415,0.4514558828456556,346.25,209.87438550077897,204.32739623858095,196.5086796022217,0.5335623739306504,0.7222299959882896,15.188205445574702
1930-05-01,210.4557442887102,3.5075957381451697,0.4976433294865113,0.26378263296354204,106.12741205358252,0.825542424689152,-15.80536147717966,0.4525251991661083,340.6666666666667,212.16479055227464,204.28351363031655,197.0173758891236,0.5248187697463687,0.7480328250591999,12.617035867683171
1930-06-01,205.59301231681061,3.4265502052801766,0.4993569166790757,0.2591089592485047,105.534923469182,0.819142273630035,-16.154643995234906,0.45359451548656093,335.0833333333333,213.56105347584585,204.03084041726697,197.4666362432011,0.5173823144841926,0.7698102816138568,10.560360635493067
1930-07-01,200.73028034491102,3.3455046724151836,0.5010705038716402,0.25443528553346734,104.94243488478148,0.812742122570918,-16.50392651329015,0.45466383180701364,329.5,214.0631742714927,203.5693765994323,197.85646066445412,0.5112530081441224,0.7875623656522602,9.689635916681345
1930-08-01,195.86754837301146,3.2644591395501905,0.5027840910642046,0.24976161181843,104.34994630038096,0.8063419715118011,-16.853209031345397,0.45573314812746635,323.9166666666667,213.6711529392151,202.8991221768125,198.18684915288276,0.506430850726158,0.8012890771744104,10.357250676062243
1930-09-01,191.00481640111187,3.1834136066851975,0.5044976782567692,0.24508793810339266,103.75745771598045,0.7999418204526841,-17.20249154940064,0.456802464447919,318.3333333333333,212.38498947901317,202.02007714940757,198.45780170848698,0.5029158422302992,0.810990416180307,12.14160399606371
1930-10-01,186.14208442921228,3.1023680738202044,0.5062112654493336,0.2404142643883553,103.16496913157994,0.7935416693935671,-17.551774067455888,0.4578717807683717,312.75,210.2046838908868,200.93224151721756,198.66931833126682,0.5007079826565464,0.8166663826699502,14.312242124303598
1930-11-01,181.2793524573127,3.021322540955211,0.507924852641898,0.23574059067331796,102.57248054717942,0.7871415183344501,-17.90105658551113,0.4589410970888244,307.1666666666667,207.130236174836,199.6356152802424,198.82139902122222,0.49980727200489933,0.8183169766433401,16.273239031659713
1930-12-01,176.41662048541312,2.940277008090218,0.5096384398344626,0.2310669169582806,101.9799919627789,0.7807413672753332,-18.250339103566375,0.46001041340927706,301.5833333333333,203.1616463308608,198.13019843848215,198.91404377835323,0.500213710275358,0.8159421981004765,17.53282946352205
1931-01-01,171.55388851351353,2.859231475225225,0.511352027027027,0.22639324324324325,101.38750337837838,0.7743412162162162,-18.599621621621623,0.46107972972972977,296.0,198.29891435896127,196.41599099193675,198.94725260265983,0.5019272974679224,0.8095420470413596,17.532829463522056
1931-02-01,173.04448001126127,2.884074666854354,0.5136868055555555,0.23090825825825828,102.25483605480481,0.7882377064564564,-18.253509384384387,0.46790649399399403,289.8333333333333,193.96562600953226,194.91393508507687,198.96105567424877,0.5036926506051506,0.804833282757189,16.729295455152045
1931-03-01,174.53507150900901,2.908917858483483,0.516021584084084,0.23542327327327328,103.12216873123124,0.8021341966966967,-17.907397147147147,0.4747332582582583,283.6666666666667,190.16178128257388,193.62403071790246,198.95545299312016,0.5055097696870424,0.8018159052479649,15.359987781452014
1931-04-01,176.02566300675676,2.9337610501126123,0.5183563626126125,0.2399382882882883,103.98950140765766,0.8160306869369369,-17.56128490990991,0.48156002252252256,277.5,186.88738017808615,192.54627789041353,198.93044455927392,0.5073786547135978,0.8004899145136872,13.59656232516486
1931-05-01,177.5162545045045,2.9586042417417415,0.5206911411411411,0.2444533033033033,104.85683408408408,0.8299271771771772,-17.215172672672672,0.4883867867867868,271.3333333333333,184.14242269606902,191.6806766026101,198.88603037271005,0.509299305684817,0.800855310554356,11.581585259230767
1931-06-01,179.00684600225225,2.9834474333708707,0.5230259196696696,0.24896831831831834,105.72416676051051,0.8438236674174174,-16.869060435435436,0.4952135510510511,265.1666666666667,181.92690883652247,191.02722685449217,198.8222104334286,0.5112717226006999,0.8029120933699713,9.45231391220564
1931-07-01,180.4974375,3.008290625,0.5253606981981982,0.25348333333333334,106.59149943693694,0.8577201576576576,-16.5229481981982,0.5020403153153153,259.0,180.24083859944656,190.58592864605973,198.7389847414295,0.5132959054612463,0.8066602629605328,7.368059047061681
1931-08-01,181.98802899774776,3.0331338166291286,0.5276954767267267,0.2579983483483484,107.45883211336337,0.871616647897898,-16.17683596096096,0.5088670795795796,252.83333333333331,179.08421198484123,190.35678197731275,198.63635329671283,0.5153718542664565,0.8120998193260408,5.559401780801684
1931-09-01,183.4786204954955,3.057977008258258,0.5300302552552552,0.2625133633633634,108.3261647897898,0.8855131381381381,-15.830723723723723,0.5156938438438439,246.66666666666666,178.45702899270657,190.33978684825126,198.51431609927852,0.5174995690163303,0.8192307624664954,4.394895222724722
1931-10-01,184.96921199324325,3.082820199887387,0.5323650337837837,0.2670283783783784,109.19349746621623,0.8994096283783785,-15.484611486486486,0.5225206081081082,240.5,178.35928962304249,190.5349432588753,198.37287314912658,0.5196790497108679,0.8280530923818965,4.217926663914172
1931-11-01,186.459803490991,3.107663391516516,0.5346998123123122,0.2715433933933934,110.06083014264264,0.9133061186186187,-15.13849924924925,0.5293473723723724,234.33333333333331,178.790993875849,190.94225120918478,198.2120244462571,0.521910296350069,0.8385668090722437,4.7726026251148435
1931-12-01,187.95039498873874,3.1325065831456453,0.5370345908408408,0.27605840840840845,110.92816281906907,0.927202608858859,-14.792387012012012,0.5361741366366366,228.16666666666666,179.75214175112615,191.56171069917977,198.03176999066994,0.5241933089339339,0.8507719125375376,5.3744040759002205
1932-01-01,189.44098648648648,3.1573497747747745,0.5393693693693693,0.28057342342342345,111.7954954954955,0.9410990990990992,-14.446274774774775,0.5430009009009009,222.0,181.24273324887386,192.39332172886023,197.8321097823652,0.5265280874624624,0.8646684027777778,5.374404075900208
1932-02-01,188.5494655242592,3.1424910920709865,0.54523798617895,0.2779773048048048,111.74049536886284,0.9393843057404393,-14.291977981294547,0.5463884362675929,238.08333333333334,182.53481537495702,193.03719679950123,197.57336206135056,0.5291573525144119,0.8772639527181098,5.079993527476088
1932-03-01,187.6579445620319,3.127632409367198,0.5511066029885306,0.27538118618618623,111.68549524223019,0.9376695123817794,-14.13768118781432,0.5497759716342849,254.16666666666666,183.6283881293756,193.4933359111028,197.25552682762608,0.5320811040897825,0.8885585623585333,4.590201133911564
1932-04-01,186.76642359980463,3.11277372666341,0.5569752197981113,0.2727850675675676,111.63049511559754,0.9359547190231196,-13.983384394334093,0.5531635070009769,270.25,184.52345151212958,193.76173906366492,196.87860408119175,0.5352993421885741,0.8985522316990485,3.9795110110893903
1932-05-01,185.87490263757732,3.097915043959622,0.562843836607692,0.27018894894894896,111.57549498896488,0.9342399256644597,-13.829087600853866,0.556551042367669,286.3333333333333,185.220005523219,193.84240625718755,196.4425938220475,0.5388120668107866,0.9072449607396553,3.3180627852795097
1932-06-01,184.98338167535005,3.083056361255834,0.5687124534172727,0.2675928303303303,111.52049486233221,0.9325251323057998,-13.674790807373638,0.559938577734361,302.41666666666663,185.71805016264383,193.73533749167072,195.94749605019342,0.5426192779564203,0.9146367494803539,2.689728022338916
1932-07-01,184.09186071312274,3.068197678552046,0.5745810702268533,0.26499671171171174,111.46549473569956,0.9308103389471399,-13.520494013893412,0.563326113101053,318.5,186.017585430404,193.4405327671144,195.3933107656295,0.5467209756254748,0.9207275979211441,2.2134720609054113
1932-08-01,183.20033975089547,3.0533389958482577,0.580449687036434,0.2624005930930931,111.41049460906692,0.9290955455884801,-13.366197220413184,0.5667136484677449,334.5833333333333,186.1186113264997,192.9579920835187,194.78003796835569,0.5511171598179504,0.9255175060620259,2.0331596011909014
1932-09-01,182.3088187886682,3.0384803131444698,0.5863183038460147,0.25980447447447447,111.35549448243425,0.9273807522298202,-13.211900426932957,0.5701011838344369,350.66666666666663,186.02112785093075,192.2877154408835,194.10767765837198,0.5558078305338471,0.9290064739029994,2.1930064225019903
1932-10-01,181.4172978264409,3.0236216304406818,0.5921869206555954,0.2572083558558559,111.30049435580159,0.9256659588711603,-13.057603633452729,0.5734887192011289,366.75,185.72513500369723,191.4297028392088,193.37622983567846,0.5607929877731647,0.9311945014440646,2.5573322675977654
1932-11-01,180.5257768642136,3.0087629477368933,0.598055537465176,0.25461223723723725,111.24549422916894,0.9239511655125004,-12.903306839972501,0.5768762545678209,382.8333333333333,185.23063278479913,190.3839542784947,192.58569450027505,0.5660726315359034,0.9320815886852215,2.946471380209252
1932-12-01,179.6342559019863,2.9939042650331054,0.6039241542747567,0.2520161186186186,111.19049410253629,0.9222363721538406,-12.749010046492275,0.5802637899345129,398.91666666666663,184.5376211942364,189.1504697587411,191.73607165216177,0.571646761822063,0.9316677356264699,3.214424542461496
1933-01-01,178.74273493975903,2.9790455823293174,0.6097927710843374,0.24942,111.13549397590363,0.9205215787951807,-12.594713253012047,0.5836513253012049,415.0,183.6461002320091,187.72924927994808,190.82736129133863,0.5775153786316437,0.9299529422678101,3.2144245424615083
1933-02-01,180.4978592548331,3.0082976542472184,0.6022179348974848,0.24608155870445345,111.33504053054324,0.9190310389967968,-12.945681817960098,0.5772466433344715,401.0,182.9751330428903,186.49185814245985,190.0503507346156,0.5822637076915216,0.9282568367058398,2.925185976459172
1933-03-01,182.25298356990714,3.0375497261651194,0.594643098710632,0.2427431174089069,111.53458708518285,0.9175404991984131,-13.296650382908151,0.5708419613677382,387.0,182.5247196268799,185.43829634627647,189.40503998199256,0.5858917490016967,0.9265794189405593,2.527703811749571
1933-04-01,184.0081078849812,3.0668017980830204,0.5870682625237793,0.23940467611336033,111.73413363982246,0.9160499594000293,-13.647618947856202,0.5644372794010049,373.0,182.29485998397794,184.56856389139787,188.89142903346962,0.588399502562169,0.9249206889719684,2.212701245585953
1933-05-01,185.76323220005528,3.0960538700009215,0.5794934263369267,0.23606623481781377,111.93368019446207,0.9145594196016454,-13.998587512804253,0.5580325974342716,359.0,182.2855541141844,183.88266077782413,188.50951788904678,0.5897869683729385,0.9232806468000673,2.196451188570675
1933-06-01,187.51835651512934,3.1253059419188225,0.5719185901500741,0.23272779352226722,112.13322674910168,0.9130688798032616,-14.349556077752304,0.5516279154675382,345.0,182.49680201749936,183.38058700555518,188.25930654872394,0.5900541464340053,0.9216592924248558,2.569697813136061
1933-07-01,189.2734808302034,3.1545580138367235,0.5643437539632213,0.22938935222672063,112.33277330374128,0.9115783400048778,-14.700524642700355,0.5452232335008049,331.0,182.92860369392272,183.06234257459113,188.14079501250117,0.5892010367453694,0.920056625846334,3.216131874757188
1933-08-01,191.02860514527745,3.1838100857546245,0.5567689177763686,0.22605091093117408,112.53231985838089,0.910087800206494,-15.051493207648408,0.5388185515340715,317.0,183.58095914345458,182.92792748493184,188.15398328037853,0.5872276393070306,0.9184726470645018,3.9795833271039593
1933-09-01,192.7837294603515,3.2130621576725256,0.549194081589516,0.22271246963562752,112.7318664130205,0.9085972604081102,-15.402461772596459,0.5324138695673382,303.0,184.45386836609484,182.9773417365774,188.2988713523559,0.584133954118989,0.9169073560793591,4.749515882723184
1933-10-01,194.5388537754256,3.2423142295904266,0.5416192454026634,0.21937402834008096,112.93141296766011,0.9071067206097263,-15.75343033754451,0.5260091876006049,289.0,185.5473313618436,183.21058532952776,188.57545922843335,0.5799199811812447,0.9153607528909063,5.446225936870857
1933-11-01,196.29397809049965,3.2715663015083276,0.5340444092158106,0.2160355870445344,113.13095952229972,0.9056161808113425,-16.104398902492562,0.5196045056338715,275.0,186.86134813070075,183.62765826378296,188.98374690861084,0.5745857204937975,0.9138328374991431,5.998711013222326
1933-12-01,198.0491024055737,3.3008183734262286,0.5264695730289579,0.21269714574898785,113.33050607693933,0.9041256410129588,-16.455367467440613,0.5131998236671382,261.0,188.39591867266634,184.22856053934296,189.52373439288843,0.5681311720566476,0.9123236099040697,6.32819071281307
1934-01-01,199.80422672064776,3.3300704453441297,0.5188947368421053,0.2093587044534413,113.53005263157894,0.9026351012145749,-16.806336032388664,0.5067951417004048,247.0,190.15104298774042,185.0132921562078,190.19542168126605,0.560556335869795,0.9108330701056858,6.328190712813046
1934-02-01,202.32877045758514,3.372146174293086,0.5226956148189956,0.21041811610942873,113.29812301475314,0.8870344311029343,-16.77874971869765,0.5087812704192942,319.6666666666667,191.97028558796976,185.82674466860567,190.81140180587275,0.5539294758632543,0.9081666861145307,6.437838013450675
1934-03-01,204.8533141945225,3.4142219032420424,0.5264964927958861,0.21147752776541615,113.06619339792735,0.8714337609912938,-16.75116340500664,0.5107673991381837,392.33333333333337,193.8536464733544,186.6689180765366,191.37167476670854,0.5482505920370254,0.9043244579306041,6.6393128754110196
1934-04-01,207.3778579314599,3.456297632190999,0.5302973707727765,0.21253693942140356,112.83426378110154,0.8558330908796532,-16.723577091315626,0.5127535278570731,465.0,195.80112564389427,187.53981238000063,191.8762405637734,0.5435196843911085,0.899306385553906,6.910747848399534
1934-05-01,209.9024016683973,3.4983733611399552,0.5340982487496668,0.213596351077391,112.60233416427575,0.8402324207680126,-16.695990777624615,0.5147396565759624,537.6666666666667,197.81272309958945,188.43942757899762,192.3250991970673,0.5397367529255036,0.8931124689844366,7.229178143342497
1934-06-01,212.42694540533466,3.5404490900889116,0.5378991267265572,0.21465576273337844,112.37040454744995,0.8246317506563721,-16.6684044639336,0.5167257852948519,610.3333333333334,199.8884388404399,189.3677636735277,192.71825066659028,0.5369017976402105,0.8857427082221959,7.57249534406476
1934-07-01,214.95148914227207,3.582524819037868,0.5417000047034476,0.21571517438936585,112.13847493062414,0.8090310805447316,-16.640818150242588,0.5187119140137413,683.0,202.0282728664456,190.3248206635908,193.0556949723423,0.5350148185352294,0.8771971032671836,7.920290502161484
1934-08-01,217.47603287920944,3.624600547986824,0.545500882680338,0.21677458604535327,111.90654531379835,0.7934304104330909,-16.613231836551577,0.5206980427326307,755.6666666666667,204.23222517760658,191.31059854918695,193.33743211432346,0.5340758156105601,0.8674756541194001,8.253884749191482
1934-09-01,220.00057661614682,3.6666762769357804,0.5493017606572284,0.2178339977013407,111.67461569697255,0.7778297403214505,-16.585645522860563,0.5226841714515201,828.3333333333334,206.5002957739229,192.32509733031617,193.56346209253363,0.5340847888662028,0.8565783607788452,8.55589042242031
1934-10-01,222.5251203530842,3.7087520058847367,0.5531026386341187,0.21889340935732815,111.44268608014676,0.7622290702098099,-16.558059209169553,0.5246703001704095,901.0,208.8324846553944,193.3683170069784,193.7337849069729,0.5350417383021574,0.8445052232455188,8.809527479270582
1934-11-01,225.04966409002157,3.750827734833693,0.5569035166110091,0.21995282101331556,111.21075646332096,0.7466284000981693,-16.53047289547854,0.5266564288892989,973.6666666666667,211.2287918220213,194.4402575791737,193.8484005576412,0.5369466639184239,0.831256241519421,8.997781665920428
1934-12-01,227.57420782695897,3.7929034637826495,0.5607043945878996,0.22101223266930298,110.97882684649515,0.7310277299865288,-16.50288658178753,0.5286425576081883,1046.3333333333335,213.68921727380337,195.54091904690205,193.9073090445386,0.5397995657150024,0.8168314156005518,9.102371890678898
1935-01-01,230.09875156389634,3.834979192731606,0.5645052725647899,0.22207164432529042,110.74689722966936,0.7154270598748882,-16.475300268096515,0.5306286863270777,1119.0,216.21376101074074,196.67030141016343,193.9105103676651,0.5436004436918928,0.8012307454889114,9.10237189067887
1935-02-01,233.73450818239795,3.8955751363732993,0.563010314405048,0.22767021504466176,110.7152510990279,0.7178915185003376,-16.35698522228096,0.5319327394617931,1084.9166666666667,218.83090582114184,197.92544148400063,194.05535316729822,0.5469600019907305,0.7871355027720283,9.260743979964944
1935-03-01,237.37026480089952,3.9561710800149923,0.5615153562453061,0.2332687857640331,110.68360496838643,0.7203559771257871,-16.238670176465405,0.5332367925965085,1050.8333333333333,221.54065170500655,199.3063392684136,194.34183744343807,0.5498782406115155,0.7745456874499026,9.551759763259914
1935-04-01,241.00602141940112,4.016767023656686,0.5600203980855643,0.23886735648340443,110.65195883774498,0.7228204357512366,-16.120355130649852,0.5345408457312237,1016.75,224.34299866233502,200.81299476340237,194.7699631960846,0.5523551595542479,0.7634612995225346,9.943821148378886
1935-05-01,244.64177803790272,4.077362967298379,0.5585254399258224,0.24446592720277577,110.62031270710352,0.725284894376686,-16.002040084834295,0.5358448988659391,982.6666666666666,227.2379466931271,202.44540796896698,195.33973042523778,0.5543907588189275,0.7538823389899241,10.40374182129251
1935-06-01,248.27753465640433,4.137958910940072,0.5570304817660805,0.25006449792214713,110.58866657646206,0.7277493530021355,-15.88372503901874,0.5371489520006545,948.5833333333333,230.2254957973829,204.2035788851074,196.0511391308977,0.5559850384055544,0.745808805852071,10.899580431618906
1935-07-01,251.91329127490593,4.198554854581766,0.5555355236063386,0.25566306864151844,110.5570204458206,0.7302138116275849,-15.765409993203185,0.5384530051353699,914.5,233.3056459751024,206.0875075118236,196.90418931306428,0.5571379983141286,0.7392407001089755,11.401860619316217
1935-08-01,255.5490478934075,4.259150798223459,0.5540405654465966,0.26126163936088975,110.52537431517914,0.7326782702530343,-15.647094947387632,0.5397570582700852,880.4166666666666,236.47839722628558,208.09719384911557,197.89888097173753,0.5578496385446502,0.7341780217606374,11.883612679638933
1935-09-01,259.1848045119091,4.319746741865153,0.5525456072868548,0.2668602100802611,110.49372818453767,0.7351427288784839,-15.528779901572078,0.5410611114048006,846.3333333333333,239.74374955093242,210.2326378969834,199.0352141069175,0.5581199590971191,0.7306207708070568,12.31973584290376
1935-10-01,262.8205611304107,4.380342685506846,0.5510506491271129,0.2724587807996325,110.46208205389621,0.7376071875039333,-15.410464855756523,0.542365164539516,812.25,243.101702949043,212.493839655427,200.31318871860412,0.5579489599715352,0.7285689472482338,12.686007440423776
1935-11-01,266.4563177489123,4.440938629148539,0.549555690967371,0.2780573515190038,110.43043592325476,0.7400716461293827,-15.292149809940968,0.5436692176742313,778.1666666666666,246.55225742061717,214.88079912444638,201.73280480679747,0.5573366411678987,0.7280225510841682,12.957864035930951
1935-12-01,270.0920743674139,4.5015345727902325,0.5480607328076291,0.2836559222383751,110.3987897926133,0.7425361047548322,-15.173834764125413,0.5449732708089466,744.0833333333333,250.09541296565513,217.3935163040416,203.2940623714975,0.5562830026862094,0.7289815823148601,13.108906913114605
1936-01-01,273.7278309859155,4.5621305164319255,0.5465657746478872,0.28925449295774647,110.36714366197184,0.7450005633802816,-15.055519718309858,0.546277323943662,710.0,253.73116958415673,220.03199119421262,204.99696141270414,0.5547880445264676,0.7314460409403097,13.108906913114575
1936-02-01,268.44760697518444,4.4741267829197415,0.5489486003055368,0.2891790524070348,110.93406052611968,0.7543730032044116,-14.918855508979803,0.5504710919219018,677.0833333333334,256.6239278168889,222.47503974200015,206.58701352876957,0.553616235018175,0.7344861646656492,12.085183659697064
1936-03-01,263.1673829644534,4.386123049407557,0.5513314259631865,0.2891036118563231,111.50097739026754,0.7637454430285415,-14.78219129964975,0.5546648599001416,644.1666666666666,258.7736876638517,224.72266194740422,208.06421871969363,0.5527675741613317,0.7381019534908786,10.545244347848932
1936-04-01,257.88715895372235,4.298119315895373,0.5537142516208361,0.2890281713056114,112.06789425441539,0.7731178828526716,-14.645527090319696,0.5588586278783815,611.25,260.1804491250452,226.7748578104248,209.4285769854764,0.5522420619559377,0.7422934074159983,8.967477589953688
1936-05-01,252.60693494299127,4.210115582383188,0.5560970772784857,0.28895273075489974,112.63481111856323,0.7824903226768015,-14.508862880989641,0.5630523958566213,578.3333333333334,260.84421220046926,228.63162733106194,210.68008832611787,0.552039698401993,0.747060526441008,7.949802961865574
1936-06-01,247.32671093226023,4.122111848871004,0.5584799029361353,0.28887729020418806,113.20172798271108,0.7918627625009315,-14.372198671659586,0.567246163834861,545.4166666666667,260.7649768901239,230.29297050931558,211.81875274161797,0.5521604834994975,0.7524033105659075,8.089944126585427
1936-07-01,242.04648692152918,4.034108115358819,0.5608627285937848,0.28880184965347644,113.76864484685893,0.8012352023250615,-14.235534462329532,0.5714399318131009,512.5,259.94274319400915,231.75888734518574,212.8445702319768,0.5526044172484513,0.7583217597906974,9.457252460631976
1936-08-01,236.76626291079813,3.9461043818466353,0.5632455542514345,0.28872640910276476,114.33556171100679,0.8106076421491915,-14.098870252999479,0.5756336997913407,479.58333333333337,258.37751111212503,233.0293778386724,213.7575407971943,0.5533714996488546,0.764815874115377,11.569085480581672
1936-09-01,231.4860389000671,3.858100648334451,0.5656283799090841,0.2886509685520531,114.90247857515463,0.8199800819733214,-13.962206043669424,0.5798274677695805,446.6666666666667,256.0692806444715,234.10444198977564,214.5576644372705,0.554461730700707,0.7718856535399468,13.91809008522224
1936-10-01,226.205814889336,3.7700969148222665,0.5680112055667337,0.2885755280013414,115.46939543930247,0.8293525217974513,-13.825541834339369,0.5840212357478203,413.75,253.01805179104863,234.98407979849537,215.24494115220537,0.5558751104040088,0.7795310980644067,16.139652965574058
1936-11-01,220.92559087860496,3.6820931813100826,0.5703940312243834,0.2885000874506297,116.03631230345033,0.8387249616215813,-13.688877625009315,0.5882150037260601,380.83333333333337,249.22382455185638,235.66829126483162,215.81937094199893,0.5576116387587599,0.7877522076887565,17.944250808068972
1936-12-01,215.64536686787392,3.594089447797898,0.572776856882033,0.28842464689991804,116.60322916759819,0.8480974014457113,-13.552213415679262,0.5924087717043,347.9166666666667,244.6865989268947,236.1570763887844,216.28095380665118,0.5596713157649601,0.7965489824129964,19.038118416626737
1937-01-01,210.36514285714287,3.506085714285714,0.5751596825396825,0.28834920634920636,117.17014603174603,0.8574698412698413,-13.415549206349207,0.5966025396825397,315.0,239.40637491616368,236.4504351703537,216.62968974616211,0.5620541414226097,0.8059214222371264,19.038118416626798
1937-02-01,216.35729865746924,3.605954977624487,0.5659678969490184,0.28672298744004354,117.00329767344112,0.8593748414132424,-13.584959565840874,0.5870814921129408,315.5,235.0655158896874,236.84011650923938,217.09315363171564,0.5634724161428998,0.8146715754211956,17.70644349362144
1937-03-01,222.3494544577956,3.7058242409632594,0.5567761113583544,0.2850967685308807,116.83644931513624,0.8612798415566434,-13.754369925332542,0.5775604445433418,316.0,231.66402184746593,237.3261204054414,217.6713454633117,0.5639261399258305,0.8227994419652043,15.614215253303712
1937-04-01,228.34161025812193,3.805693504302032,0.5475843257676902,0.28347054962171786,116.66960095683133,0.8631848417000445,-13.923780284824211,0.5680393969737428,316.5,229.2018927894992,237.9084468589598,218.36426524095032,0.5634153127714017,0.8303050218691519,13.254438168676705
1937-05-01,234.3337660584483,3.905562767640805,0.5383925401770262,0.281844330712555,116.50275259852643,0.8650898418434456,-14.093190644315879,0.5585183494041438,317.0,227.6791287157873,238.58709586979452,219.1719129646315,0.5619399346796133,0.8371883151330389,11.21361122107488
1937-06-01,240.32592185877468,4.005432030979578,0.5292007545863621,0.2802181118033922,116.33590424022152,0.8669948419868466,-14.262601003807546,0.5489973018345449,317.5,227.09572962633015,239.36206743794568,220.09428863435525,0.5595000056504656,0.8434493217568652,10.23818822159592
1937-07-01,246.31807765910102,4.10530129431835,0.5200089689956979,0.27859189289422936,116.16905588191662,0.8688998421302477,-14.432011363299214,0.5394762542649458,318.0,227.45169552112782,240.23336156341313,221.13139225012154,0.5560955256839584,0.8490880417406306,10.860597916919641
1937-08-01,252.31023345942737,4.205170557657123,0.5108171834050339,0.2769656739850665,116.00220752361173,0.8708048422736488,-14.601421722790882,0.5299552066953469,318.5,228.74702640018026,241.20097824619694,222.2832238119304,0.5517264947800916,0.8541044750843355,12.822315831043912
1937-09-01,258.30238925975374,4.305039820995896,0.5016253978143698,0.2753394550759037,115.83535916530683,0.8727098424170499,-14.77083208228255,0.520434159125748,319.0,230.9817222634875,242.26491748629712,223.54978331978185,0.5463929129388654,0.8584986217879796,15.417288150438464
1937-10-01,264.2945450600801,4.404909084334669,0.49243361222370574,0.2737132361667408,115.66851080700192,0.874614842560451,-14.940242441774217,0.5109131115561489,319.5,234.1557831110495,243.42517928371367,224.93107077367583,0.5400947801602798,0.8622704818515629,18.04202023890727
1937-11-01,270.2867008604064,4.504778347673442,0.4832418266330416,0.272087017257578,115.50166244869703,0.8765198427038521,-15.109652801265886,0.50139206398655,320.0,238.26920894286627,244.68176363844657,226.42708617361237,0.5328320964443346,0.8654200552750854,20.244014611124374
1937-12-01,276.2788566607328,4.604647611012214,0.4740500410423775,0.27046079834841513,115.33481409039213,0.8784248428472531,-15.279063160757554,0.491871016416951,320.5,243.32199975893784,246.0346705504959,228.03782951959147,0.52460486179103,0.8679473420585472,21.605024988645503
1938-01-01,282.2710124610592,4.704516874350987,0.46485825545171344,0.2688345794392523,115.16796573208723,0.8803298429906542,-15.448473520249221,0.48234996884735204,321.0,249.3141555592642,247.48390001986152,229.76330081161316,0.5154130762003659,0.8698523422019483,21.605024988645457
1938-02-01,275.58001118454234,4.59300018640904,0.4692195913069278,0.2678743406764575,115.10865763536567,0.8830190227414331,-15.363454060228452,0.48794004287197745,323.4166666666667,254.24938160318698,248.64627510325442,231.34800334377496,0.5073507173968584,0.8718226906459642,20.104299481334667
1938-03-01,268.8890099080255,4.481483498467092,0.4735809271621422,0.26691410191366266,115.04934953864412,0.8857082024922118,-15.278434600207685,0.4935301168966029,325.8333333333333,258.12767789070614,249.52179580067457,232.79193711607695,0.5004177853805073,0.8738583873905948,17.74114533015952
1938-04-01,262.1980086315087,4.3699668105251455,0.47794226301735654,0.26595386315086783,114.99004144192256,0.8883973822429907,-15.193415140186916,0.49912019092122833,328.25,260.94904442182167,250.110462112122,234.09510212851907,0.4946142801513129,0.8759594324358404,15.063704337295762
1938-05-01,255.50700735499183,4.258450122583198,0.48230359887257085,0.264993624388073,114.930733345201,0.8910865619937695,-15.108395680166147,0.5047102649458538,330.6666666666667,262.7134811965336,250.41227403759675,235.25749838110136,0.48994020170927494,0.8781258257817007,12.720602299453644
1938-06-01,248.816006078475,4.146933434641251,0.4866649347277852,0.26403338562527817,114.87142524847945,0.8937757417445483,-15.02337622014538,0.5103003389704792,333.0833333333333,263.420988214842,250.42723157709867,236.27912587382377,0.4863955500543935,0.880357567428176,11.543912834569138
1938-07-01,242.12500480195817,4.035416746699303,0.4910262705829996,0.2630731468624833,114.8121171517579,0.8964649214953271,-14.938356760124611,0.5158904129951046,335.5,263.07156547674674,250.1553347306279,237.15998460668638,0.4839803251866687,0.8826546573752658,12.155901536809946
1938-08-01,235.43400352544134,3.923900058757356,0.49538760643821395,0.26211290809968846,114.75280905503635,0.899154101246106,-14.853337300103842,0.52148048701973,337.9166666666667,261.6652129822479,249.59658349818443,237.90007457968906,0.48269452710610034,0.8850170956229705,14.30104891149492
1938-09-01,228.7430022489245,3.8123833708154087,0.4997489422934283,0.26115266933689363,114.6935009583148,0.9018432809968848,-14.768317840083075,0.5270705610443555,340.3333333333333,259.2019307313455,248.75097787976816,238.49939579283196,0.4825381558126885,0.8874448821712901,17.187390363202397
1938-10-01,222.05200097240765,3.7008666828734613,0.5041102781486426,0.2601924305740988,114.63419286159325,0.9045324607476636,-14.683298380062306,0.5326606350689809,342.75,255.68171872403946,247.61851787537918,238.957948246115,0.48351121130643326,0.8899380170202246,20.1244991173001
1938-11-01,215.36099969589083,3.589349994931514,0.508471614003857,0.25923219181130397,114.57488476487168,0.9072216404984424,-14.598278920041537,0.5382507090936064,345.1666666666667,251.10457696032984,246.19920348501748,239.2757319395382,0.4856136935873345,0.8924965001697737,22.59525748910098
1938-12-01,208.669998419374,3.4778333069895666,0.5128329498590714,0.25827195304850914,114.51557666815013,0.9099108202492212,-14.51325946002077,0.5438407831182318,347.5833333333333,245.47050544021658,244.493034708683,239.45274687310152,0.4888456026553924,0.8951203316199378,24.12474818667626
1939-01-01,201.97899714285717,3.3663166190476193,0.5171942857142857,0.2573117142857143,114.45626857142858,0.9126000000000001,-14.42824,0.5494308571428572,350.0,238.77950416369973,242.5000115463759,239.488993046805,0.4932069385106068,0.8978095113707165,24.124748186676275
1939-02-01,197.62299117527866,3.2937165195879774,0.5250165957446808,0.25022554812563325,114.19636447821682,0.8915255699088147,-14.729988996960486,0.548664233029382,375.6666666666667,232.28308582959448,240.5326611074896,239.4105633920999,0.49785668888041945,0.8985183903013317,23.808283615907808
1939-03-01,193.26698520770012,3.221116420128335,0.532838905775076,0.2431393819655522,113.93646038500508,0.8704511398176292,-15.031737993920974,0.5478976089159069,401.3333333333333,225.98125043790063,238.5909833920242,239.21745790898618,0.5027948537648307,0.8972469684117831,23.23962707912427
1939-04-01,188.9109792401216,3.1485163206686932,0.5406612158054711,0.23605321580547114,113.67655629179332,0.8493767097264439,-15.33348699088146,0.5471309848024317,427.0,219.8739979886184,236.67497839997975,238.9096765974639,0.5080214331638402,0.8939952457020709,22.473928283510045
1939-05-01,184.55497327254307,3.075916221209051,0.5484835258358662,0.22896704964539008,113.41665219858156,0.8283022796352584,-15.635235987841947,0.5463643606889564,452.6666666666667,213.9613284817477,234.78464613135623,238.48721945753297,0.5135364270774482,0.8887632221721949,21.56187333621511
1939-06-01,180.19896730496455,3.003316121749409,0.5563058358662614,0.22188088348530904,113.15674810536981,0.807227849544073,-15.936984984802432,0.5455977365754813,478.33333333333337,208.24324191728843,232.91998658615356,237.9500864891935,0.5193398355056545,0.8815508978221552,20.55314290010343
1939-07-01,175.84296133738604,2.930716022289767,0.5641281458966565,0.21479471732522798,112.89684401215806,0.7861534194528876,-16.23873398176292,0.5448311124620061,504.0,202.71973829524083,231.08099976437177,237.2982776924454,0.5254316584484592,0.8723582726519522,19.49928607579573
1939-08-01,171.4869553698075,2.858115922830125,0.5719504559270517,0.20770855116514692,112.6369399189463,0.7650789893617022,-16.540482978723404,0.5440644883485309,529.6666666666667,197.39081761560465,229.26768566601095,236.53179306728867,0.5318118959058624,0.8611853466615851,18.456185374901544
1939-09-01,167.130949402229,2.785515823370483,0.5797727659574469,0.20062238500506588,112.37703582573455,0.7440045592705168,-16.84223197568389,0.5432978642350558,555.3333333333334,192.25647987838,227.480044291071,235.65063261372336,0.5384805478778639,0.8480321198510543,17.48584263581788
1939-10-01,162.77494343465045,2.712915723910841,0.587595075987842,0.19353621884498481,112.1171317325228,0.7229301291793313,-17.14398097264438,0.5425312401215805,581.0,187.3167250835669,225.71807563955196,234.65479633174948,0.5454376143644639,0.83289859222036,16.656626866189754
1939-11-01,158.41893746707194,2.640315624451199,0.5954173860182371,0.18645005268490378,111.85722763931103,0.7018556990881459,-17.445729969604862,0.5417646160081053,606.6666666666667,182.57155323116535,223.9817797114538,233.54428422136698,0.5526830953656623,0.815784763769502,16.040506464020023
1939-12-01,154.0629314994934,2.5677155249915566,0.6032396960486323,0.1793638865248227,111.59732354609929,0.6807812689969606,-17.74747896656535,0.5409979918946302,632.3333333333334,178.02096432117528,222.27115650677658,232.3190962825759,0.560216990881459,0.7966906344984803,15.705802872331471
1940-01-01,149.7069255319149,2.495115425531915,0.6110620060790274,0.17227772036474165,111.33741945288753,0.6597068389057751,-18.049227963525837,0.540231367781155,658.0,173.66495835359675,220.58620602552026,230.9792325153762,0.5680393009118541,0.775616204407295,15.705802872331498
1940-02-01,155.3705194492057,2.5895086574867614,0.5983436310832415,0.17643299935944867,110.8765375924674,0.6816734391662541,-18.042775078649413,0.5294617660585865,650.75,170.14391904309068,218.8921288252907,229.6731660364897,0.5741498871900675,0.7581285268454149,14.53935482730819
1940-03-01,161.0341133664965,2.6839018894416085,0.5856252560874557,0.1805882783541557,110.41565573204726,0.7036400394267331,-18.03632219377299,0.518692164336018,643.5,167.45784638965705,217.18892490608792,228.4008968459163,0.5785487497160992,0.7442276018128403,12.74595751157701
1940-04-01,166.6977072837873,2.778295121396455,0.5729068810916699,0.18474355734886272,109.95477387162711,0.7256066396872123,-18.029869308896565,0.5079225626134494,636.25,165.60674039329587,215.476594267912,227.16242494365605,0.581235888489949,0.7339134293095709,10.813609031718967
1940-05-01,172.3613012010781,2.8726883533513017,0.560188506095884,0.18889883634356974,109.49389201120698,0.7475732399476913,-18.023416424020144,0.4971529608908809,629.0,164.59060105400712,213.75513691076281,225.957750329709,0.5822113035116172,0.727186009335607,9.344291576714621
1940-06-01,178.02489511836893,2.9670815853061487,0.5474701311000981,0.19305411533827677,109.03301015078685,0.7695398402081703,-18.01696353914372,0.4863833591683124,621.75,164.40942837179082,212.02455283464045,224.78687300407506,0.5814749947811036,0.7240453418909484,9.029944695650643
1940-07-01,183.68848903565973,3.0614748172609954,0.5347517561043122,0.1972093943329838,108.5721282903667,0.7915064404686494,-18.010510654267296,0.47561375744574386,614.5,165.06322234664697,210.28484203954483,223.6497929667543,0.5790269622984082,0.7244914269755952,10.147843741131707
1940-08-01,189.35208295295052,3.155868049215842,0.5220333811085265,0.2013646733276908,108.11124642994656,0.8134730407291284,-18.004057769390872,0.46484415572317533,607.25,166.55198297857552,208.53600452547605,222.5465102177467,0.5748672060635311,0.7285242645895473,12.265448750298237
1940-09-01,195.01567687024135,3.250261281170689,0.5093150061127406,0.20551995232239784,107.65036456952643,0.8354396409896074,-17.99760488451445,0.4540745540006068,600.0,168.87571026757658,206.778040292434,221.47702475705222,0.5689957260764723,0.7361438547328049,14.77068266158914
1940-10-01,200.67927078753215,3.3446545131255356,0.49659663111695473,0.20967523131710486,107.1894827091063,0.8574062412500865,-17.991151999638028,0.4433049522780383,592.75,172.03440421365005,205.0109493404188,220.4413365846709,0.5614125223372316,0.7473501974053679,17.200482724833552
1940-11-01,206.34286470482294,3.4390477450803827,0.4838782561211689,0.21383051031181188,106.72860084868616,0.8793728415105655,-17.984699114761604,0.43253535055546977,585.5,176.02806481679593,203.23473166943037,219.43944570060276,0.5521175948458094,0.7621432926072361,19.199243100682196
1940-12-01,212.00645862211377,3.5334409770352293,0.4711598811253831,0.2179857893065189,106.26771898826601,0.9013394417710446,-17.97824622988518,0.42176574883290124,578.25,180.85669207701434,201.44938727946874,218.47135210484774,0.5411109436022051,0.7805231403384099,20.42037827219791
1941-01-01,217.67005253940457,3.627834208990076,0.4584415061295972,0.22214106830122593,105.80683712784588,0.9233060420315237,-17.971793345008756,0.4109961471103327,571.0,186.52028599430514,199.65491617053388,217.5370557974059,0.5283925686064194,0.8024897405988889,20.42037827219788
1941-02-01,222.44776160597834,3.7074626934329724,0.452197960544448,0.21837068032940754,105.30760488268153,0.9259379146131594,-17.973234977658272,0.402415675123753,568.25,192.11005617403615,198.1790203489071,216.77039170791915,0.5162137627281866,0.8228451135527975,20.29876735317779
1941-03-01,227.22547067255215,3.787091177875869,0.4459544149592988,0.21460029235758915,104.80837263751717,0.9285697871947951,-17.974676610307792,0.3938352031371732,565.5,197.6260026162075,197.0216998145884,216.17135983638747,0.5045745259675068,0.8415892592001363,20.07873060283414
1941-04-01,232.00317973912593,3.866719662318765,0.4397108693741496,0.21082990438577076,104.30914039235282,0.9312016597764309,-17.97611824295731,0.3852547311505934,562.75,203.06812532081904,196.18295456757778,215.73996018281085,0.49347485832438015,0.8587221775409044,19.781856033013447
1941-05-01,236.7808888056997,3.9463481467616615,0.4334673237890004,0.20705951641395234,103.80990814718845,0.9338335323580665,-17.97755987560683,0.37667425916401365,560.0,208.43642428787084,195.6627846078752,215.4761927471893,0.48291475979880655,0.8742438685751024,19.42902673342732
1941-06-01,241.55859787227348,4.025976631204558,0.42722377820385116,0.20328912844213395,103.3106759020241,0.9364654049397023,-17.979001508256346,0.3680937871774339,557.25,213.7308995173629,195.46118993548072,215.38005752952284,0.47289423039078593,0.8881543323027299,19.04109798913424
1941-07-01,246.33630693884726,4.105605115647455,0.420980232618702,0.19951874047031556,102.81144365685975,0.939097277521338,-17.980443140905862,0.3595133151908541,554.5,218.95155100929517,195.5781705503943,215.4515545298115,0.4634132701003184,0.9004535687237873,18.639404205551358
1941-08-01,251.11401600542106,4.185233600090351,0.41473668703355276,0.19574835249849717,102.31221141169539,0.9417291501029738,-17.981884773555382,0.3509328432042743,551.75,224.09837876366774,196.01372645261597,215.69068374805522,0.45447187892740387,0.9111415778382744,18.24609271928319
1941-09-01,255.89172507199484,4.264862084533247,0.40849314144840354,0.19197796452667878,101.81297916653104,0.9443610226846095,-17.9833264062049,0.3423523712176946,549.0,229.1713827804805,196.7678576421457,216.097445184254,0.44607005687204254,0.9202183596461914,17.884243389418582
1941-10-01,260.66943413856865,4.344490568976144,0.4022495958632543,0.18820757655486037,101.31374692136667,0.9469928952662452,-17.98476803885442,0.33377189923111483,546.25,234.17056305973355,197.8405641189835,216.6718388384079,0.43820780393423414,0.9276839141475378,17.577705222282287
1941-11-01,265.4471432051424,4.42411905341904,0.3960060502781051,0.18443718858304198,100.81451467620232,0.949624767847881,-17.986209671503936,0.32519142724453504,543.5,239.09591960142686,199.23184588312938,217.41386471051683,0.4308851201139788,0.9335382413423142,17.350574931010257
1941-12-01,270.2248522717162,4.503747537861937,0.3897625046929559,0.1806668006112236,100.31528243103796,0.9522566404295166,-17.987651304153456,0.31661095525795524,540.75,243.9474524055604,200.94170293458333,218.3235228005809,0.4241020054112766,0.9377813412305201,17.22627501878053
1942-01-01,275.00256133829,4.583376022304833,0.3835189591078067,0.1768964126394052,99.8160501858736,0.9548885130111524,-17.989092936802972,0.3080304832713755,538.0,248.72516147213415,202.97013527334536,219.40081310859998,0.4178584598261274,0.9404132138121559,17.226275018780502
1942-02-01,267.68150534181007,4.461358422363501,0.38594857387242165,0.1804190677808117,100.30061753764078,0.9497530395817569,-17.8155427879396,0.317240885476637,512.0,252.49464011678683,204.91620511130455,220.25621655333902,0.41233767760345846,0.9423978075595391,15.847350393387847
1942-03-01,260.36044934533015,4.3393408224221695,0.38837818863703655,0.1839417229222182,100.78518488940794,0.9446175661523615,-17.641992639076225,0.32645128768189846,486.0,255.2558883395183,206.77991244846095,220.88973313479795,0.40753965874327,0.9437351224726696,13.798451127990106
1942-04-01,253.03939334885024,4.217323222480837,0.3908078034016515,0.1874643780636247,101.26975224117511,0.9394820927229661,-17.468442490212848,0.33566168988715994,460.0,257.0089061403287,208.56125728481453,221.30136285297672,0.4034644032455618,0.9444251585515474,11.761714951934835
1942-05-01,245.7183373523703,4.095305622539505,0.3932374181662664,0.1909870332050312,101.75431959294228,0.9343466192935707,-17.294892341349474,0.3448720920924214,434.0,257.75369351921785,210.26023962036527,221.49110570787542,0.400111911110334,0.9444679157961727,10.588866726660598
1942-06-01,238.39728135589039,3.9732880225981733,0.39566703293088135,0.1945096883464377,102.23888694470945,0.9292111458641752,-17.1213421924861,0.3540824942976829,408.0,257.49025047618596,211.87685945511322,221.458961699494,0.3974821823375865,0.9438633942065456,11.057378557015676
1942-07-01,231.07622535941047,3.8512704226568415,0.39809664769549624,0.1980323434878442,102.72345429647663,0.9240756724347797,-16.947792043622727,0.3632928965029444,382.0,256.21857701123287,213.41111678905835,221.20493082783253,0.3955752169273193,0.9426115937826657,13.13844549993564
1942-08-01,223.75516936293056,3.7292528227155093,0.4005262624601112,0.2015549986292507,103.2080216482438,0.9189401990053843,-16.77424189475935,0.3725032987082059,356.0,253.9386731243587,214.86301162220064,220.7290130928909,0.3943910148795326,0.9407125145245333,16.136483237399883
1942-09-01,216.43411336645065,3.6072352227741775,0.40295587722472614,0.2050776537706572,103.69258900001097,0.9138047255759888,-16.600691745895976,0.3817137009134674,330.0,250.65053881556335,216.23254395454012,220.0312084946692,0.3939295761942261,0.9381661564321481,19.393725948713804
1942-10-01,209.1130573699707,3.4852176228328453,0.40538549198934104,0.2086003089120637,104.17715635177814,0.9086692521465933,-16.427141597032602,0.3909241031187289,304.0,246.35417408484685,217.5197137860768,219.11151703316736,0.39419090087139996,0.9349725195055104,22.443386898978115
1942-11-01,201.7920013734908,3.3632000228915135,0.407815106753956,0.2121229640534702,104.6617237035453,0.903533778717198,-16.253591448169228,0.40013450532399036,278.0,241.04957893220922,218.7245211168107,217.96993870838546,0.39517498891105424,0.9311316037446202,24.90772567369587
1942-12-01,194.47094537701088,3.2411824229501818,0.4102447215185709,0.21564561919487668,105.14629105531247,0.8983983052878025,-16.080041299305854,0.40934490752925184,252.0,234.73675335765043,219.8469659467417,216.60647352032342,0.3968818403131888,0.9266434091494774,26.39644278585113
1943-01-01,187.14988938053096,3.1191648230088496,0.41267433628318584,0.2191682743362832,105.63085840707964,0.893262831858407,-15.906491150442479,0.4185553097345133,226.0,227.41569736117052,220.88704827586992,215.02112146898125,0.3993114550778037,0.921507935720082,26.39644278585113
1943-02-01,199.194763405687,3.319912723428117,0.4177496508919189,0.22142490598136402,105.6153004640004,0.8848539478015369,-15.934474184042944,0.41581507827237396,226.58333333333334,221.7084688664936,222.10438838577218,213.74803400600032,0.4019615448294285,0.9160996780717303,24.21252576872789
1943-03-01,211.23963743084306,3.5206606238473843,0.422824965500652,0.22368153762644488,105.59974252092117,0.8764450637446668,-15.962457217643411,0.41307484681023465,227.16666666666666,217.61506787361967,223.4989862764485,212.78721113138062,0.40483210956806315,0.9104186362044224,21.026520270502985
1943-04-01,223.2845114559991,3.7214085242666517,0.4279002801093851,0.2259381692715257,105.58418457784192,0.8680361796877967,-15.990440251243877,0.4103346153480953,227.75,215.13549438254879,225.07084194789883,212.13865284512215,0.4079231492937076,0.9044648101181584,18.00691897408493
1943-05-01,235.32938548115513,3.922156424685919,0.4329755947181182,0.22819480091660654,105.56862663476268,0.8596272956309265,-16.018423284844342,0.4075943838859559,228.33333333333334,214.26974839328082,226.81995540012318,211.80235914722485,0.4112346640063618,0.898238199812938,16.59745106526428
1943-06-01,247.37425950631118,4.1229043251051865,0.43805090932685126,0.23045143256168737,105.55306869168345,0.8512184115740564,-16.04640631844481,0.4048541524238166,228.91666666666666,215.0178299058159,228.74632663312156,211.7783300376888,0.4147666537060261,0.8917388052887613,17.932409710507255
1943-07-01,259.4191335314672,4.323652225524453,0.4431262239355843,0.2327080642067682,105.5375107486042,0.8428095275171863,-16.074389352045273,0.40211392096167725,229.5,217.37973892015393,230.84995564689402,212.06656551651395,0.4185191183927001,0.8849666265456286,21.70870128666374
1943-08-01,271.46400755662324,4.524400125943721,0.44820153854431743,0.23496469585184906,105.52195280552496,0.8344006434603163,-16.10237238564574,0.3993736894995379,230.08333333333334,221.355475436295,233.13084244144045,212.6670655837003,0.42249205806638396,0.8779216635835395,26.76281181305561
1943-09-01,283.5088815817793,4.725148026362988,0.4532768531530505,0.2372213274969299,105.50639486244573,0.8259917594034462,-16.130355419246207,0.3966334580373986,230.66666666666666,226.94503945423904,235.58898701676097,213.57983023924788,0.42668547272707763,0.8706039164024945,32.111505212994636
1943-10-01,295.55375560693534,4.925895926782256,0.4583521677617836,0.23947795914201073,105.49083691936649,0.817582875346576,-16.15833845284667,0.3938932265752592,231.25,234.1484309739861,238.22438937285546,214.8048594831567,0.4310993623747812,0.863013385002493,37.061553948572445
1943-11-01,307.5986296320914,5.126643827201523,0.4634274823705167,0.24173459078709159,105.47527897628724,0.8091739912897059,-16.186321486447138,0.39115299511311985,231.83333333333334,242.96564999553615,241.03704950972406,216.3421533154267,0.4357337270094946,0.8551500693835353,41.036812213434885
1943-12-01,319.64350365724744,5.327391727620791,0.4685027969792498,0.24399122243217242,105.45972103320801,0.8007651072328358,-16.2143045200476,0.38841276365098054,232.41666666666666,253.39669651888917,244.02696742736666,218.19171173605795,0.44058856663121787,0.8470139695456215,43.42841090420419
1944-01-01,331.6883776824035,5.528139628040058,0.47357811158798285,0.24624785407725325,105.44416309012877,0.7923562231759657,-16.24228755364807,0.3856725321888412,233.0,265.4415705440452,247.19414312578328,220.35353474505035,0.4456638812399509,0.8386050854887511,43.42841090420417
1944-02-01,319.6244522215281,5.327074203692135,0.47820559783516337,0.24258151866364247,105.7144440960967,0.777310968056637,-16.446039376123014,0.392469441426269,332.0833333333333,275.47737794536533,249.89349564288193,222.38689242915453,0.4507018768185546,0.8296431705100096,40.547202188875396
1944-03-01,307.5605267606527,5.126008779344211,0.4828330840823439,0.23891518325003172,105.98472510206464,0.7622657129373085,-16.649791198597956,0.39926635066369676,431.16666666666663,283.50411872284946,252.12502497866248,224.29178478837042,0.4557025533670289,0.8201282246093964,35.94760072937805
1944-04-01,295.4966012997773,4.924943354996288,0.4874605703295244,0.23524884783642094,106.25500610803257,0.7472204578179799,-16.853543021072902,0.4060632599011246,530.25,289.5217928764976,253.88873113312502,226.06821182269798,0.4606659108853739,0.8100602477869115,30.596196573693426
1944-05-01,283.4326758389019,4.7238779306483645,0.4920880565767049,0.2315825124228102,106.52528711400052,0.7321752026986513,-17.057294843547844,0.41286016913855234,629.3333333333333,293.53040040630987,255.1846141062695,227.7161735321373,0.46559194937358944,0.7994392400425555,25.592670839333053
1944-06-01,271.3687503780265,4.522812506300442,0.4967155428238854,0.22791617700919942,106.79556811996845,0.7171299475793227,-17.26104666602279,0.41965707837598015,728.4166666666666,295.52994131228616,256.01267389809595,229.23566991668835,0.4704806688316756,0.7882652013763277,22.39643687321396
1944-07-01,259.3048249171511,4.321747081952518,0.501343029071066,0.22424984159558864,107.06584912593638,0.7020846924599942,-17.464798488497735,0.4264539876134079,827.5,295.5204155944264,256.37291050860443,230.6267009763511,0.4753320692596324,0.7765381317882283,22.413209905931193
1944-08-01,247.2408994562757,4.120681657604595,0.5059705153182464,0.2205835061819779,107.33613013190433,0.6870394373406655,-17.668550310972677,0.43325089685083573,926.5833333333333,293.50182325273084,256.26532393779485,231.88926671112554,0.4801461506574598,0.7642580312782573,25.63586991894172
1944-09-01,235.17697399540032,3.919616233256672,0.510598001565427,0.2169171707683671,107.60641113787226,0.6719941822213369,-17.872302133447622,0.44004780608826355,1025.6666666666665,289.47416428719924,255.68991418566722,233.02336712101174,0.48492291302515783,0.7514248998464149,30.654142250495408
1944-10-01,223.11304853452492,3.7185508089087485,0.5152254878126075,0.21325083535475636,107.8766921438402,0.6569489271020084,-18.076053955922564,0.4468447153256913,1124.75,283.43743869783174,254.64668125222158,234.02900220600966,0.4896623563627265,0.738038737492701,36.012589202159745
1944-11-01,211.04912307364953,3.5174853845608256,0.519852974059788,0.20958449994114559,108.14697314980813,0.6419036719826797,-18.27980577839751,0.45364162456311913,1223.8333333333333,275.39164648462827,253.13562513745785,234.9061719661193,0.49436448067016586,0.7240995442171155,40.61511162448885
1944-12-01,198.98519761277413,3.3164199602129023,0.5244804603069685,0.20591816452753484,108.41725415577608,0.6268584168633512,-18.48355760087245,0.4604385338005469,1322.9166666666665,265.3367876475888,251.15674584137616,235.65487640134063,0.49902928594747564,0.7096073200196584,43.497101832561526
1945-01-01,186.92127215189873,3.115354535864979,0.5291079465541491,0.20225182911392406,108.68753516174401,0.6118131617440226,-18.687309423347397,0.4672354430379747,1422.0,253.2728621867134,248.71004336397638,236.27511551167373,0.5036567721946562,0.6945620649003298,43.497101832561576
1945-02-01,193.2462355359568,3.220770592265947,0.5156393767429833,0.19915800353006993,108.13013479937264,0.6386666124692486,-18.81993589083668,0.45341651007003353,1376.25,242.74134412958244,246.64239698048044,236.9063774464529,0.5067762537703079,0.6830083686013807,41.21085964780696
1945-03-01,199.5711989200149,3.3261866486669147,0.5021708069318176,0.19606417794621583,107.57273443700126,0.6655200631944747,-18.952562358325963,0.43959757710209235,1330.5,233.742233476196,244.9538066908884,237.54866220567817,0.5083877306744307,0.6749462311228113,37.38255739568206
1945-04-01,205.89616230407296,3.431602705067883,0.48870223712065186,0.1929703523623617,107.01533407462989,0.6923735139197007,-19.085188825815244,0.4257786441341511,1284.75,226.27553022655397,243.6442724952001,238.20196978934962,0.5084912029070247,0.6703756524646214,32.56433271550935
1945-05-01,212.22112568813102,3.537018761468851,0.4752336673094862,0.1898765267785076,106.45793371225851,0.7192269646449269,-19.217815293304525,0.41195971116620994,1239.0,220.34123438065637,242.71379439341567,238.86630019746718,0.5070866704680898,0.6692966326268109,27.257676155549927
1945-06-01,218.54608907218912,3.6424348178698187,0.46176509749832045,0.18678270119465348,105.90053334988714,0.7460804153701529,-19.35044176079381,0.39814077819826876,1193.25,215.9393459385033,242.1623723855351,239.5416534300308,0.504174133357626,0.6717091716093803,22.032384633327844
1945-07-01,224.87105245624718,3.7478508742707866,0.4482965276871547,0.18368887561079938,105.34313298751576,0.772933866095379,-19.48306822828309,0.38432184523032753,1147.5,213.06986490009464,241.99000647155833,240.22802948704063,0.4997535915756333,0.6776132694123289,17.684326023742138
1945-08-01,231.19601584030528,3.8532669306717544,0.434827957875989,0.18059505002694526,104.78573262514439,0.799787316820605,-19.615694695772373,0.37050291226238635,1101.75,211.7327912654304,242.19669665148544,240.92542836849654,0.49382504512211195,0.6870089260356572,15.313493189956985
1945-09-01,237.52097922436334,3.9586829870727223,0.42135938806482326,0.17750122444309113,104.22833226277302,0.826640767545831,-19.748321163261657,0.3566839792944452,1056.0,211.92812503451066,242.78244292531633,241.63385007439857,0.4863884939970616,0.6998961414793651,15.65095664058551
1945-10-01,243.8459426084214,4.06409904347369,0.4078908182536576,0.17440739885923703,103.67093190040164,0.8534942182710572,-19.88094763075094,0.342865046326504,1010.25,213.65586620733538,243.7472452930511,242.35329460474674,0.4774439382004825,0.7162749157434525,17.97043119753151
1945-11-01,250.1709059924795,4.169515099874658,0.39442224844249185,0.1713135732753829,103.11353153803027,0.8803476689962833,-20.01357409824022,0.3290461133585628,964.5,216.91601478390453,245.09110375468967,243.08376195954096,0.4669913777323744,0.7361452488279193,20.78310189362178
1945-12-01,256.4958693765376,4.274931156275626,0.3809536786313261,0.1682197476915288,102.55613117565889,0.9072011197215093,-20.146200565729504,0.3152271803906216,918.75,221.70857076421817,246.814018310232,243.8252521387814,0.4550308125927376,0.7595071407327659,22.80497979665347
1946-01-01,262.82083276059564,4.380347212676594,0.3674851088201604,0.16512592210767468,101.99873081328752,0.9340545704467353,-20.278827033218786,0.3014082474226804,873.0,228.03353414827623,248.9159889596783,244.5777651424679,0.4415622427815718,0.786360591457992,22.804979796653452
1946-02-01,262.53637831313773,4.375606305218962,0.3737225324216029,0.17028127169003668,102.81258326112636,0.9315492793497884,-20.005836275376392,0.3126204016675117,871.4166666666666,233.8077127130413,250.67547826266303,245.2459087542539,0.42973583908812346,0.8107674803647035,21.952292471572427
1946-03-01,262.2519238656798,4.37086539776133,0.37995995602304544,0.1754366212723987,103.6264357089652,0.9290439882528415,-19.732845517534,0.32383255591234295,869.8333333333334,239.0311064585134,252.09248621918627,245.82968297413936,0.4195516015123925,0.8327278074529008,20.472737430954712
1946-04-01,261.9674694182219,4.366124490303698,0.38619737962448797,0.1805919708547607,104.44028815680404,0.9265386971558947,-19.459854759691606,0.33504471015717424,868.25,243.70371538469246,253.16701282924805,246.3290878021243,0.4110095300543788,0.8522415727225837,18.529131090510244
1946-05-01,261.683014970764,4.3613835828460665,0.3924348032259305,0.1857473204371227,105.25414060464288,0.9240334060589477,-19.186864001849212,0.34625686440200554,866.6666666666666,247.82553949157855,253.89905809284832,246.74412323820872,0.4041096247140825,0.869308776173752,16.250438429466858
1946-06-01,261.3985605233061,4.356642675388435,0.398672226827373,0.19090267001948472,106.06799305248173,0.9215281149620007,-18.91387324400682,0.3574690186468368,865.0833333333334,251.39657877917162,254.288622009987,247.07478928239257,0.3988518854915036,0.8839294178064061,13.746923836370387
1946-07-01,261.1141060758482,4.351901767930803,0.40490965042881555,0.1960580196018467,106.88184550032057,0.9190228238650539,-18.64088248616443,0.3686811728916681,863.5,254.41683324747171,254.3357045806643,247.32108593467592,0.39523631238664203,0.8961034976205458,11.119682018044733
1946-08-01,260.82965162839025,4.347160860473171,0.4111470740302581,0.20121336918420873,107.69569794815942,0.916517532768107,-18.367891728322036,0.37989332713649937,861.9166666666666,256.88630289647875,254.04030580488,247.48301319505876,0.39326290539949776,0.9058310156161707,8.468439398828671
1946-09-01,260.54519718093235,4.342419953015539,0.4173844976317006,0.20636871876657073,108.50955039599826,0.91401224167116,-18.094900970479642,0.3911054813813306,860.3333333333334,258.8049877261929,253.40242568263426,247.56057106354103,0.3929316645300709,0.9131119717932816,5.901114325568109
1946-10-01,260.26074273347444,4.337679045557907,0.42362192123314313,0.21152406834893273,109.3234028438371,0.911506950574213,-17.82191021263725,0.4023176356261619,858.75,260.172887736614,252.42206421392706,247.5537595401228,0.3942425897783613,0.9179463661518779,3.5540890619276966
1946-11-01,259.97628828601654,4.332938138100275,0.42985934483458565,0.21667941793129475,110.13725529167594,0.9090016594772662,-17.548919454794856,0.4135297898709932,857.1666666666666,260.99000292774207,251.0992213987583,247.46257862480402,0.3971956811443691,0.9203341986919599,1.676954094031018
1946-12-01,259.69183383855864,4.328197230642643,0.4360967684360282,0.22183476751365674,110.95110773951478,0.9064963683803193,-17.275928696952462,0.42474194411582444,855.5833333333334,261.25633329957714,249.43389723712804,247.28702831758477,0.4017909386280943,0.9202754694135273,1.025615095835772
1947-01-01,259.40737939110073,4.323456323185011,0.4423341920374707,0.22699011709601874,111.76496018735362,0.9039910772833724,-17.00293793911007,0.43595409836065574,854.0,260.97187885211923,247.42609172903633,247.0271086184649,0.4080283622295368,0.9177701783165805,1.0256150958358088
1947-02-01,255.86945721584817,4.264490953597469,0.43802857839451625,0.22654640381393054,111.52688098001758,0.9053482547260528,-17.057083185212356,0.42699578318042325,868.75,260.41630209401177,245.65511964554514,246.8302411496989,0.41338719939394625,0.9155867595979359,1.6909871015539568
1947-03-01,252.33153504059558,4.2055255840099255,0.4337229647515618,0.22610269053184232,111.28880177268152,0.9067054321687333,-17.111228431314647,0.4180374680001908,883.5,259.58960302525475,244.1209809866547,246.69642591128664,0.4178674501213226,0.9137252132575936,2.7838264374094863
1947-04-01,248.793612865343,4.146560214422383,0.4294173511086074,0.22565897724975412,111.05072256534548,0.9080626096114138,-17.165373677416937,0.4090791528199583,898.25,258.49178164584816,242.8236757523649,246.62566290322818,0.42146911441166596,0.9121855392955535,4.064068713034732
1947-05-01,245.25569069009043,4.08759484483484,0.42511173746565295,0.22521526396766592,110.81264335800942,0.9094197870540943,-17.219518923519225,0.4001208376397259,913.0,257.122837955792,241.76320394267566,246.61795212552354,0.4241921922649761,0.9109677377118156,5.4289229744151
1947-06-01,241.71776851483787,4.028629475247297,0.4208061238226985,0.2247715506855777,110.57456415067338,0.9107769644967748,-17.27366416962151,0.3911625224594934,927.75,255.48277195508635,240.9395655575871,246.67329357817263,0.42603668368125325,0.91007180850638,6.8155024789724665
1947-07-01,238.17984633958528,3.9696641056597546,0.4165005101797441,0.2243278374034895,110.33648494333733,0.9121341419394553,-17.327809415723802,0.38220420727926097,942.5,253.5715836437311,240.3527605970991,246.79168726117555,0.4270025886604973,0.9094977516792468,8.173179175527597
1947-08-01,234.6419241643327,3.9106987360722116,0.41219489653678965,0.2238841241214013,110.09840573600128,0.9134913193821358,-17.381954661826093,0.3732458920990285,957.25,251.38927302172632,240.00278906121184,246.97313317453228,0.4270899072027082,0.9092455672304159,9.454734924956565
1947-09-01,231.10400198908013,3.8517333664846687,0.4078892828938352,0.22344041083931307,109.86032652866524,0.9148484968248163,-17.43609990792838,0.364287576918796,972.0,248.93584008907195,239.88965094992514,247.21763131824275,0.4262986393078861,0.9093152551598873,10.611920455581672
1947-10-01,227.56607981382757,3.7927679968971257,0.40358366925088074,0.22299669755722487,109.62224732132918,0.9162056742674968,-17.490245154030667,0.35532926173856355,986.75,246.21128484576806,240.01334626323913,247.52518169230703,0.4246287849760309,0.909706815467661,11.59183189045383
1947-11-01,224.02815763857498,3.733802627309583,0.3992780556079263,0.22255298427513667,109.38416811399314,0.9175628517101773,-17.544390400132958,0.34637094655833106,1001.5,243.21560729181456,240.37387500115378,247.8957842967251,0.42208034420714263,0.9104202481537368,12.332525499799685
1947-12-01,220.4902354633224,3.6748372577220403,0.3949724419649719,0.22210927099304845,109.14608890665708,0.9189200291528578,-17.59853564623525,0.3374126313780986,1016.25,239.9488074272116,240.97123716366892,248.329439131497,0.41865331700122127,0.911455553218115,12.756159811473838
1948-01-01,216.95231328806983,3.6158718881344973,0.39066682832201743,0.22166555771096025,108.90800969932104,0.9202772065955382,-17.652680892337536,0.32845431619786614,1031.0,236.410885251959,241.8054327507848,248.82614619662263,0.41434770335826693,0.9128127306607956,12.756159811473868
1948-02-01,218.6493409917881,3.6441556831964688,0.3913199348185321,0.22221051257696853,108.87828881589668,0.9189623152514924,-17.587619119103287,0.3292577340241041,1048.5833333333333,233.309208899954,242.51107456900237,249.150389156391,0.41045531639360155,0.913947235704582,12.102995203350542
1948-03-01,220.34636869550638,3.6724394782584397,0.39197304131504673,0.2227554674429768,108.8485679324723,0.9176474239074467,-17.522557345869043,0.330061151850342,1066.1666666666667,230.64377837119653,243.08816261832155,249.30216801080206,0.4069761561072253,0.914859068349475,11.005120780540453
1948-04-01,222.04339639922466,3.700723273320411,0.39262614781156135,0.22330042230898509,108.81884704904795,0.9163325325634009,-17.457495572634794,0.33086456967657996,1083.75,228.41459366568674,243.53669689874246,249.28148275985578,0.40391022249913805,0.9155482285954739,9.616077549512802
1948-05-01,223.74042410294294,3.7290070683823826,0.39327925430807603,0.22384537717499337,108.78912616562359,0.915017641219355,-17.392433799400546,0.3316679875028179,1101.3333333333333,226.62165478342442,243.85667741026498,249.08833340355224,0.4012575155693399,0.9160147164425788,8.072445703019936
1948-06-01,225.43745180666122,3.757290863444354,0.3939323608045907,0.22439033204100164,108.75940528219921,0.9137027498753093,-17.3273720261663,0.33247140532905584,1118.9166666666667,225.2649617244097,244.0481041528892,248.72271994189143,0.39901803531783103,0.9162585318907901,6.52429355376099
1948-07-01,227.1344795103795,3.7855746585063255,0.39458546730110533,0.22493528690700992,108.72968439877485,0.9123878585312635,-17.262310252932053,0.3332748231552938,1136.5,224.34451448864252,244.11097712661513,248.1846423748733,0.3971917817446111,0.9162796749401075,5.176561204075218
1948-08-01,228.8315072140978,3.8138584535682964,0.39523857379761995,0.2254802417730182,108.69996351535049,0.9110729671872176,-17.197248479697805,0.3340782409815317,1154.0833333333333,223.860313076123,244.0452963314427,247.47410070249788,0.39577875484968034,0.916078145590531,4.328002798788837
1948-09-01,230.52853491781607,3.842142248630268,0.39589168029413463,0.22602519663902648,108.67024263192611,0.9097580758431719,-17.13218670646356,0.33488165880776966,1171.6666666666667,223.81235748685094,243.8510617673719,246.59109492476514,0.39477895463303864,0.9156539438420607,4.242793323972369
1948-10-01,232.22556262153435,3.8704260436922393,0.3965447867906493,0.22657015150503476,108.64052174850175,0.9084431844991261,-17.067124933229312,0.3356850766340076,1189.25,224.2006477208265,243.52827343440288,245.53562504167513,0.39419238109468596,0.9150070696946964,4.794851450443289
1948-11-01,233.92259032525263,3.8987098387542103,0.39719789328716393,0.22711510637104304,108.6108008650774,0.9071282931550803,-17.002063159995064,0.33648849446024554,1206.8333333333333,225.0251837780497,243.07693133253542,244.3076910532278,0.3940190342346224,0.9141375231484384,5.553252146341775
1948-12-01,235.6196180289709,3.9269936338161817,0.39785099978367855,0.22766006123705132,108.58107998165302,0.9058134018110345,-16.93700138676082,0.3372919122864835,1224.4166666666667,226.28596565852035,242.49703546176974,242.9072929594232,0.394258914052848,0.9130453042032864,6.1187204016385675
1949-01-01,237.31664573268918,3.955277428878153,0.3985041062801932,0.2282050161030596,108.55135909822866,0.9044985104669887,-16.87193961352657,0.3380953301127214,1242.0,227.98299336223866,241.78858582210557,241.3344307602613,0.39491202054936264,0.9117304128592405,6.118720401638538
1949-02-01,235.6713503741675,3.9278558395694585,0.40515430591939255,0.23267657360379077,108.64025971087085,0.8979739674079169,-16.735693887171788,0.3479393907047584,1202.5833333333333,229.4014941441036,241.0423350460231,239.9352123961386,0.3960648848077677,0.909981383872276,5.718186030236754
1949-03-01,234.02605501564585,3.900434250260764,0.4118045055585919,0.23714813110452193,108.72916032351304,0.8914494243488451,-16.599448160817005,0.35778345129679534,1163.1666666666667,230.54146800411525,240.25828313352218,238.7096378670552,0.3977175068280631,0.9077982172423925,5.076424545135444
1949-04-01,232.38075965712417,3.8730126609520696,0.4184547051977912,0.24161968860525307,108.81806093615523,0.8849248812897734,-16.463202434462225,0.36762751188883236,1123.75,231.4029149422735,239.43643008460276,237.65770717301095,0.39986988661024897,0.9051809129695901,4.324682128548151
1949-05-01,230.7354642986025,3.845591071643375,0.42510490483699054,0.24609124610598423,108.90696154879743,0.8784003382307016,-16.326956708107442,0.3774715724808693,1084.3333333333333,231.9858349585785,238.57677589926496,236.77942031400596,0.4025220241543252,0.9021294710538692,3.6104117896190706
1949-06-01,229.09016894008082,3.8181694823346803,0.43175510447618987,0.2505628036067154,108.99586216143962,0.8718757951716298,-16.19071098175266,0.3873156330729063,1044.9166666666667,232.2902280530301,237.67932057750872,236.07477729004023,0.4056739194602918,0.8986438914952292,3.130168512916511
1949-07-01,227.44487358155914,3.790747893025986,0.4384053041153892,0.2550343611074466,109.08476277408181,0.8653512521125581,-16.054465255397876,0.3971596936649433,1005.5,232.3160942256284,236.744064119334,235.54377810111367,0.4093255725281488,0.8947241742936703,3.084642197083872
1949-08-01,225.79957822303749,3.7633263037172915,0.4450555037545885,0.25950591860817773,109.17366338672402,0.8588267090534863,-15.918219529043093,0.40700375425698027,966.0833333333334,232.06343347637338,235.7710065247409,235.18642274722637,0.4134769833578961,0.8903703194491926,3.4931332255370737
1949-09-01,224.1542828645158,3.735904714408597,0.45170570339378785,0.26397747610890887,109.26256399936621,0.8523021659944146,-15.781973802688311,0.41684781484901723,926.6666666666667,231.53224580526503,234.76014779372932,235.0027112283783,0.4181281519495339,0.8855823269617962,4.167347126035046
1949-10-01,222.50898750599413,3.708483125099902,0.4583559030329872,0.26844903360964006,109.3514646120084,0.8457776229353428,-15.645728076333528,0.4266918754410542,887.25,230.72253121230332,233.71148792629933,234.99264354456946,0.42327907830306205,0.880360196831481,4.899957812625236
1949-11-01,220.86369214747248,3.6810615357912075,0.4650061026721865,0.2729205911103712,109.44036522465059,0.839253079876271,-15.509482349978745,0.43653593603309115,847.8333333333334,229.6342896974883,232.62502692245087,235.15621969579982,0.42892976241848063,0.8747039290582469,5.533785047453697
1949-12-01,219.2183967889508,3.6536399464825133,0.47165630231138583,0.2773921486111024,109.52926583729278,0.8327285368171993,-15.373236623623963,0.4463799966251282,808.4166666666667,228.26752126082,231.50076478218398,235.49343968206944,0.43508020429578953,0.868613523642094,5.9321967784321314
1950-01-01,217.57310143042912,3.6262183571738187,0.47830650195058516,0.28186370611183353,109.61816644993498,0.8262039937581275,-15.23699089726918,0.45622405721716514,769.0,226.6222259022983,230.33870150549865,236.00430350337825,0.4417304039349888,0.8620889805830222,5.932196778432149
1950-02-01,218.6645733350362,3.644409555583937,0.4741776948152473,0.27810084794945283,109.40537987502543,0.8334565198990318,-15.315472523177021,0.4474542293198163,786.5833333333334,225.2049944823707,229.30523250880944,236.42794246669624,0.4474823530096434,0.8567125266239484,5.59574177957718
1950-03-01,219.7560452396433,3.662600753994055,0.4700488876799094,0.27433798978707213,109.19259330011587,0.8407090460399361,-15.39395414908486,0.43868440142246756,804.1666666666666,224.01582700103714,228.40035779211632,236.76435657202344,0.4523360515197532,0.8524841617648727,5.03935506366858
1950-04-01,220.84751714425042,3.6807919524041735,0.4659200805445715,0.2705751316246915,108.97980672520633,0.8479615721808405,-15.4724357749927,0.42991457352511875,821.75,223.05472345829767,227.6240773554193,237.01354581935968,0.4562914994653182,0.849403886005795,4.351880918368823
1950-05-01,221.9389890488575,3.698983150814292,0.46179127340923365,0.2668122734623108,108.76702015029679,0.8552140983217449,-15.550917400900541,0.42114474562776993,839.3333333333334,222.32168385415227,226.97639119871837,237.17551020870513,0.4593486968463385,0.8474716993467152,3.619774747962096
1950-06-01,223.0304609534646,3.7171743492244103,0.4576624662738958,0.2630494152999301,108.55423357538724,0.8624666244626492,-15.629399026808382,0.4123749177304212,856.9166666666666,221.81670818860093,226.45729932201357,237.25024974005973,0.461507643662814,0.8466876017876336,2.950507368238232
1950-07-01,224.12193285807172,3.7353655476345287,0.4535336591385579,0.25928655713754944,108.3414470004777,0.8697191506035535,-15.707880652716222,0.40360508983307236,874.5,221.53979646164362,226.06680172530486,237.23776441342346,0.4627683399147447,0.8470515933285497,2.4950511902607224
1950-08-01,225.2134047626788,3.7535567460446466,0.44940485200322,0.25552369897516874,108.12866042556814,0.8769716767444579,-15.786362278624061,0.39483526193572355,892.0833333333334,221.4909486732804,225.80489840859227,237.13805422879634,0.46313078560213067,0.8485636739694642,2.4083020967219935
1950-09-01,226.3048766672859,3.771747944454765,0.44527604486788214,0.25176084081278804,107.9158738506586,0.8842242028853622,-15.864843904531902,0.3860654340383748,909.6666666666666,221.67016482351127,225.6715893718757,236.95111918617843,0.46259498072497185,0.8512238437103764,2.6882613755337754
1950-10-01,227.396348571893,3.7899391428648834,0.4411472377325443,0.24799798265040734,107.70308727574906,0.8914767290262666,-15.943325530439743,0.377295606141026,927.25,222.07744491233618,225.66687461515534,236.67695928556958,0.46116092528326824,0.8550321025512866,3.1563683595607492
1950-11-01,228.48782047650008,3.8081303412750014,0.43701843059720635,0.24423512448802667,107.4903007008395,0.898729255167171,-16.021807156347585,0.36852577824367716,944.8333333333333,222.71278893975511,225.79075413843103,236.31557452696998,0.45882861927701996,0.8599884504921951,3.622719321861686
1950-12-01,229.5792923811072,3.82632153968512,0.4328896234618685,0.240472266325646,107.27751412592995,0.9059817813080753,-16.100288782255422,0.3597559503463284,962.4166666666666,223.57619690576814,226.04322794170287,235.86696491037944,0.4555980627062268,0.8660928875331013,3.93535791778829
1951-01-01,230.67076428571428,3.844512738095238,0.4287608163265306,0.2367094081632653,107.06472755102041,0.9132343074489796,-16.178770408163263,0.3509861224489796,980.0,224.6676688103752,226.42429602497072,235.3311304357981,0.45146925557088896,0.8733454136740058,3.935357917788278
1951-02-01,232.91996921440074,3.881999486906679,0.43019145683394133,0.23683591581632651,107.05436126556903,0.9061333042718706,-16.216399645486213,0.3506082229534326,967.3333333333334,225.85561846698897,226.82070236448777,234.8375236174858,0.4478037357391134,0.8794018123717423,4.106381678498019
1951-03-01,235.1691741430872,3.9194862357181197,0.431622097341352,0.23696242346938776,107.04399498011765,0.8990323010947616,-16.25402888280916,0.3502303234578856,954.6666666666666,227.14004587560927,227.2324469602539,234.3861444554426,0.44460150321090036,0.884262083626311,4.423352861845794
1951-04-01,237.41837907177364,3.9569729845295605,0.4330527378487627,0.23708893112244897,107.03362869466628,0.8919312979176526,-16.29165812013211,0.34985242396233857,942.0,228.5209510362362,227.65952981226914,233.97699294966844,0.4418625579862496,0.8879262274377121,4.8466669207633215
1951-05-01,239.6675840004601,3.9944597333410017,0.4344833783561734,0.2372154387755102,107.0232624092149,0.8848302947405435,-16.32928735745506,0.34947452446679156,929.3333333333334,229.99833394886977,228.1019509205335,233.6100691001634,0.43958690006516127,0.8903942438059453,5.335347498594618
1951-06-01,241.91678892914655,4.031946482152442,0.43591401886358405,0.23734194642857143,107.01289612376351,0.8777292915634346,-16.366916594778008,0.34909662497124455,916.6666666666666,231.57219461350994,228.559710285047,233.2853729069274,0.43777452944763523,0.8916661327310106,5.853508105671062
1951-07-01,244.16599385783297,4.069433230963883,0.43734465937099476,0.23746845408163264,107.00252983831214,0.8706282883863256,-16.404545832100958,0.3487187254756975,904.0,233.24253303015675,229.0328079058096,233.0029043699605,0.4364254461336716,0.8917418942129084,6.371214688260549
1951-08-01,246.41519878651943,4.106919979775324,0.43877529987840547,0.23759496173469388,106.99216355286076,0.8635272852092165,-16.442175069423904,0.3483408259801505,891.3333333333334,235.0093491988101,229.52124378282127,232.76266348926262,0.43553965012327045,0.8906215282516382,6.863001546834849
1951-09-01,248.66440371520588,4.144406728586765,0.4402059403858161,0.2377214693877551,106.98179726740938,0.8564262820321076,-16.479804306746853,0.3479629264846035,878.6666666666666,236.8726431194701,230.0250179160821,232.56465026483386,0.4351171414164316,0.8883050348472005,7.305906660970169
1951-10-01,250.91360864389233,4.181893477398206,0.4416365808932268,0.23784797704081634,106.971430981958,0.8493252788549985,-16.517433544069803,0.34758502698905647,866.0,238.8324147921367,230.54413030559206,232.40886469667416,0.43515792001315523,0.8847924139995947,7.677588920325927
1951-11-01,253.16281357257878,4.219380226209647,0.44306722140063753,0.23797448469387755,106.96106469650661,0.8422242756778895,-16.55506278139275,0.34720712749350946,853.3333333333334,240.88866421680993,231.07858095135114,232.29530678478352,0.43566198591344113,0.8800836657088212,7.954477556802323
1951-12-01,255.41201850126524,4.2568669750210875,0.4444978619080482,0.2381009923469388,106.95069841105524,0.8351232725007806,-16.5926920187157,0.34682922799796245,840.6666666666667,243.04139139348976,231.6283698533593,232.22397652916194,0.43662933911728946,0.87417878997488,8.109623699404743
1952-01-01,257.6612234299517,4.294353723832528,0.4459285024154589,0.2382275,106.94033212560386,0.8280222693236715,-16.63032125603865,0.34645132850241545,828.0,245.29059632217619,232.19349701161659,232.1948739298095,0.43805997962470017,0.867077786797771,8.109623699404732
1952-02-01,256.37790352098654,4.272965058683109,0.4391902848119135,0.23750825750705362,106.8524986242058,0.8345666348284401,-16.642366633029383,0.34248678309013236,827.9166666666666,247.24542418105833,232.76867904347267,232.2033480348951,0.43880988195619786,0.8611138976774853,7.672060908329146
1952-03-01,255.0945836120214,4.25157639353369,0.4324520672083681,0.23678901501410723,106.76466512280773,0.8411110003332087,-16.654412010020117,0.3385222376778492,827.8333333333334,248.90587497013624,233.35391594892755,232.2493988444189,0.4388790461117824,0.8562871226140225,6.942321011605158
1952-04-01,253.81126370305628,4.230187728384271,0.4257138496048227,0.23606977252116085,106.67683162140966,0.8476553658379773,-16.666457387010848,0.3345576922655661,827.75,250.27194868940978,233.94920772798125,232.33302635838078,0.4382674720914541,0.8525974616073828,6.029174668666601
1952-05-01,252.52794379409113,4.208799063234852,0.4189756320012773,0.23535053002821443,106.5889981200116,0.854199731342746,-16.678502764001582,0.330593146853283,827.6666666666666,251.343645338879,234.55455438063368,232.4542305767808,0.4369751598952128,0.8500449146575663,5.033659232809215
1952-06-01,251.24462388512597,4.187410398085433,0.4122374143977319,0.23463128753526805,106.50116461861353,0.8607440968475145,-16.690548140992316,0.3266286014409999,827.5833333333334,252.120964918544,235.16995590688495,232.61301149961895,0.43500210952305846,0.8486294817645731,4.074404058196421
1952-07-01,249.96130397616085,4.166021732936015,0.40549919679418656,0.23391204504232166,106.41333111721548,0.8672884623522832,-16.702593517983047,0.3226640560287168,827.5,252.6039074284046,235.79541230673496,232.80936912689518,0.43234832097499115,0.8483511629284028,3.319258158072796
1952-08-01,248.67798406719572,4.144633067786596,0.39876097919064113,0.23319280254937527,106.32549761581741,0.8738328278570517,-16.71463889497378,0.31869951061643365,827.4166666666666,252.79247286846098,236.43092358018384,233.04330345860956,0.42901379425101077,0.8492099581490559,2.982956105503977
1952-09-01,247.39466415823057,4.123244402637177,0.39202276158709576,0.23247356005642889,106.23766411441935,0.8803771933618203,-16.726684271964515,0.31473496520415056,827.3333333333334,252.68666123871301,237.07648972723143,233.3148144947621,0.42499852935111737,0.8512058674265318,3.159967334803871
1952-10-01,246.11134424926541,4.101855737487758,0.38528454398355033,0.23175431756348247,106.14983061302128,0.886921558866589,-16.73872964895525,0.3107704197918675,827.25,252.28647253916083,237.73211074787793,233.6239022353527,0.42030252627531106,0.854338890760831,3.6681503289313326
1952-11-01,244.8280243403003,4.0804670723383385,0.37854632638000496,0.23103507507053608,106.06199711162321,0.8934659243713575,-16.750775025945984,0.30680587437958434,827.1666666666666,251.59190676980427,238.39778664212312,233.97056668038147,0.4149257850235916,0.8586090281519535,4.232772697811492
1952-12-01,243.54470443133516,4.059078407188919,0.37180810877645953,0.2303158325775897,105.97416361022515,0.9000102898761262,-16.762820402936715,0.3028413289673012,827.0833333333334,250.60296393064343,239.07351740996714,234.3548078298483,0.4088683055959592,0.8640162795998988,4.627075734596512
1953-01-01,242.26138452237,4.0376897420395,0.36506989117291416,0.2295965900846433,105.88633010882708,0.9065546553808947,-16.77486577992745,0.2988767835550181,827.0,249.31964402167827,239.75930305140992,234.77662568375334,0.40213008799241384,0.8705606451046674,4.627075734596528
1953-02-01,241.49840787041728,4.024973464506955,0.37198219953345546,0.23064116487786518,106.05709746398485,0.9034396718008457,-16.706384737463996,0.30812360216274143,828.6666666666666,248.0796860507975,240.39357623294825,235.15744346506384,0.396529414219209,0.8763000648523679,4.556821928116735
1953-03-01,240.73543121846458,4.01225718697441,0.37889450789399676,0.23168573967108705,106.2278648191426,0.9003246882207968,-16.637903695000542,0.31737042077046473,830.3333333333334,246.8830900180011,240.97633695458222,235.49726117377978,0.3920662842763447,0.8812345388430002,4.430863586968456
1953-04-01,239.97245456651186,3.9995409094418646,0.38580681625453805,0.23273031446430892,106.39863217430036,0.8972097046407478,-16.569422652537085,0.32661723937818804,832.0,245.72985592328905,241.50758521631167,235.79607880990125,0.388740698163821,0.8853640670765645,4.2614122562635695
1953-05-01,239.20947791455913,3.986824631909319,0.39271912461507935,0.23377488925753082,106.56939952945811,0.8940947210606989,-16.50094161007363,0.33586405798591135,833.6666666666666,244.61998376666142,241.98732101813675,236.05389637342816,0.38655265588163784,0.8886886495530605,4.0595064055650765
1953-06-01,238.44650126260643,3.974108354376774,0.39963143297562065,0.23481946405075269,106.74016688461587,0.8909797374806498,-16.43246056761018,0.34511087659363465,835.3333333333334,243.5534735481181,242.41554436005734,236.2707138643606,0.3855021574297952,0.8912082862724885,3.835862067368945
1953-07-01,237.6835246106537,3.961392076844229,0.40654374133616195,0.23586403884397455,106.91093423977364,0.8878647539006008,-16.363979525146725,0.35435769520135796,837.0,242.5303252676592,242.79225524207348,236.4465312826985,0.3855892028082932,0.8929229772348483,3.60159354486944
1953-08-01,236.92054795870098,3.948675799311683,0.41345604969670324,0.23690861363719642,107.08170159493139,0.8847497703205519,-16.29549848268327,0.36360451380908126,838.6666666666666,241.55053892528463,243.11745366418523,236.58134862844187,0.3868137920171317,0.8938327224401399,3.368872944891448
1953-09-01,236.15757130674828,3.935959521779138,0.42036835805724454,0.2379531884304183,107.25246895008915,0.8816347867405029,-16.227017440219814,0.37285133241680457,840.3333333333334,240.61411452099443,243.39113962639254,236.67516590159076,0.38917592505631077,0.8939375218883634,3.151478240789434
1953-10-01,235.39459465479555,3.9232432442465925,0.42728066641778584,0.2389977632236402,107.4232363052469,0.878519803160454,-16.15853639775636,0.3820981510245279,842.0,239.7210520547886,243.61331312869535,236.72798310214512,0.39267560192583034,0.893237375579519,2.9649941322887567
1953-11-01,234.63161800284283,3.9105269667140474,0.43419297477832713,0.24004233801686206,107.59400366040467,0.875404819580405,-16.090055355292908,0.3913449696322512,843.6666666666666,238.87135152666715,243.78397417109377,236.73980023010492,0.39731282262569056,0.8917322835136061,2.8261823502227794
1953-12-01,233.86864135089013,3.897810689181502,0.44110528313886843,0.24108691281008393,107.76477101556242,0.872289836000356,-16.021574312829454,0.4005917882399745,845.3333333333334,238.06501293663007,243.90312275358772,236.71061728547028,0.40308758715589127,0.8894222456906253,2.750951440595814
1954-01-01,233.1056646989374,3.8850944116489567,0.44801759149940973,0.2421314876033058,107.93553837072018,0.869174852420307,-15.953093270365999,0.4098386068476978,847.0,237.30203628467737,243.97075887617726,236.64043426824108,0.40999989551643257,0.8863072621105763,2.750951440595839
1954-02-01,233.65169573529917,3.8941949289216526,0.44991395931654554,0.2444311503295555,107.91109817050764,0.8664594617466872,-15.917431320116666,0.4121081681249785,839.25,236.64814360675086,243.99108461286895,236.60677335759328,0.4164942088316901,0.8832255779393966,2.5907109614501747
1954-03-01,234.1977267716609,3.9032954461943485,0.4518103271336814,0.24673081305580524,107.88665797029512,0.8637440710730675,-15.881769369867333,0.4143777294022592,831.5,236.10333490285052,243.96409996366265,236.60963455352686,0.4225705271016638,0.8801771931770856,2.327043393396184
1954-04-01,234.74375780802268,3.912395963467045,0.4537066949508172,0.24903047578205495,107.86221777008258,0.8610286803994478,-15.846107419618,0.41664729067953993,823.75,235.66761017297642,243.88980492855842,236.6490178560418,0.42822885032635377,0.877162107823644,2.0037812193360245
1954-05-01,235.28978884438445,3.9214964807397408,0.4556030627679531,0.25133013850830466,107.83777756987004,0.858313289725828,-15.810445469368668,0.4189168519568206,816.0,235.34096941712855,243.76819950755635,236.72492326513822,0.4334691785057599,0.8741803218790715,1.6647173547020029
1954-06-01,235.8358198807462,3.9305969980124367,0.4574994305850889,0.2536298012345544,107.8133373696575,0.8555978990522082,-15.774783519119335,0.42118641323410133,808.25,235.12341263530686,243.5992837006563,236.83735078081597,0.4382915116398823,0.871231835343368,1.3657066129687665
1954-07-01,236.38185091710795,3.9396975152851326,0.4593957984022248,0.2559294639608041,107.78889716944497,0.8528825083785885,-15.73912156887,0.42345597451138206,800.5,235.01493982751137,243.3830575078584,236.9863004030751,0.44269584972872084,0.8683166482165335,1.183407924066945
1954-08-01,236.92788195346972,3.9487980325578285,0.4612921662193606,0.25822912668705383,107.76445696923244,0.8501671177049688,-15.703459618620668,0.42572553578866273,792.75,235.0155509937421,243.1195209291626,237.17177213191565,0.44668219277227567,0.8654347604985685,1.1844829408000228
1954-09-01,237.47391298983146,3.9578985498305244,0.4631885340364964,0.26052878941330354,107.7400167690199,0.847451727031349,-15.667797668371335,0.42799509706594346,785.0,235.12524613399907,242.8086739645688,237.39376596733757,0.4502505407705466,0.8625861721894723,1.3493410927511178
1954-10-01,238.01994402619323,3.9669990671032203,0.46508490185363227,0.26282845213955325,107.71557656880736,0.8447363363577292,-15.632135718122003,0.43026465834322414,777.25,235.34402524828218,242.45051661407717,237.65228190934087,0.4534008937235338,0.8597708832892451,1.5886040436271585
1954-11-01,238.565975062555,3.9760995843759166,0.4669812696707681,0.265128114865803,107.69113636859484,0.8420209456841095,-15.59647376787267,0.43253421962050487,769.5,235.67188833659154,242.04504887768766,237.9473199579256,0.45613325163123714,0.8569888937978872,1.817685765120604
1954-12-01,239.11200609891674,3.9852001016486125,0.46887763748790395,0.2674277775920527,107.6666961683823,0.8393055550104898,-15.560811817623337,0.43480378089778554,761.75,236.10883539892708,241.59227075540016,238.27888011309173,0.45844761449365684,0.8542402037153983,1.9687428995949854
1955-01-01,239.6580371352785,3.9943006189213084,0.47077400530503977,0.2697274403183024,107.64225596816976,0.83659016433687,-15.525149867374004,0.43707334217506627,754.0,236.65486643528882,241.09218224721482,238.6469623748392,0.46034398231079265,0.8515248130417786,1.968742899594963
1955-02-01,238.3859269967121,3.973098783278535,0.46981500849742874,0.27219853628346985,107.9738292203896,0.8358710964711373,-15.47970574118145,0.44158051347010013,771.4166666666666,237.04938570707324,240.5924051215405,238.9756516025338,0.46200240307586626,0.8489757826021495,1.7772610591501756
1955-03-01,237.11381685814573,3.951896947635762,0.46885601168981766,0.2746696322486373,108.30540247260946,0.8351520286054048,-15.434261614988895,0.44608768476513394,788.8333333333334,237.2923932142803,240.09293937837734,239.26494779617548,0.46342287678887767,0.846593112396511,1.5347130766098722
1955-04-01,235.84170671957935,3.930695111992989,0.4678970148822066,0.2771407282138047,108.6369757248293,0.8344329607396722,-15.388817488796338,0.4505948560601678,806.25,237.38388895691006,239.59378501772517,239.5148509557643,0.46460540344982676,0.844376802424863,1.395358465626012
1955-05-01,234.56959658101295,3.909493276350216,0.46693801807459556,0.2796118241789721,108.96854897704914,0.8337138928739396,-15.343373362603783,0.45510202735520167,823.6666666666666,237.32387293496242,239.0949420395841,239.72536108130024,0.4655499830587136,0.8423268526872056,1.5048117050618894
1955-06-01,233.29748644244654,3.8882914407074427,0.46597902126698454,0.28208292014413955,109.300122229269,0.832994825008207,-15.297929236411228,0.45960919865023553,841.0833333333334,237.1123451484374,238.59641044395414,239.89647817278328,0.4662566156155383,0.8404432631835389,1.8676577257451437
1955-07-01,232.02537630388017,3.8670896050646695,0.46502002445937346,0.284554016109307,109.63169548148883,0.8322757571424744,-15.252485110218673,0.4641163699452694,858.5,236.74930559733514,238.09819023083523,240.02820223021342,0.4667253011203006,0.8387260339138627,2.376622064294533
1955-08-01,230.7532661653138,3.8458877694218963,0.4640610276517624,0.2870251120744744,109.96326873370867,0.8315566892767419,-15.207040984026118,0.4686235412403032,875.9166666666666,236.23475428165546,237.60028140022737,240.12053325359065,0.4669560395730008,0.837175164878177,2.9368365707955166
1955-09-01,229.48115602674739,3.824685933779123,0.46310203084415136,0.2894962080396418,110.29484198592853,0.8308376214110093,-15.161596857833564,0.47313071253533706,893.3333333333334,235.56869120139845,237.10268395213063,240.173471242915,0.4669488309736387,0.835790656076482,3.485384995576078
1955-10-01,228.20904588818098,3.80348409813635,0.46214303403654033,0.29196730400480925,110.62641523814837,0.8301185535452766,-15.116152731641009,0.4776378838303709,910.75,234.7511163565641,236.60539788654492,240.18701619818648,0.4667036753222144,0.8345725075087778,3.9744821211378265
1955-11-01,226.9369357496146,3.782282262493577,0.46118403722892926,0.29443839996997667,110.95798849036821,0.8293994856795441,-15.070708605448452,0.48214505512540473,928.1666666666667,233.7820297471524,236.10842320347032,240.16116811940503,0.46622057261872785,0.8335207191750639,4.358902226025473
1955-12-01,225.66482561104823,3.761080426850804,0.4602250404213182,0.2969094959351441,111.28956174258806,0.8286804178138115,-15.025264479255897,0.4866522264204386,945.5833333333334,232.66143137316337,235.6117599029068,240.09592700657075,0.465499522863179,0.8326352910753408,4.586658332637953
1956-01-01,224.39271547248183,3.7398785912080306,0.45926604361370715,0.2993805919003115,111.6211349948079,0.8279613499480789,-14.979820353063342,0.49115939771547246,963.0,231.38932123459696,235.11540798485436,239.99129285968354,0.46454052605556795,0.8319162232096081,4.586658332638001
1956-02-01,201.76745773624089,3.362790962270682,0.5010330218068535,0.2658236292834891,112.21493416407063,0.6907473416407062,-14.043576843198338,0.4937463655244029,489.0,228.3377821295577,234.01177048112726,239.47208433504753,0.46714202716468667,0.8198225769737388,9.284255466667101
1956-03-01,179.14219999999997,2.9857033333333334,0.5428,0.23226666666666668,112.80873333333334,0.5535333333333334,-13.107333333333335,0.4963333333333333,15.0,223.50681405804553,232.30084739172545,238.53830143266273,0.4733040261905352,0.7963543523677329,16.54552639533713
1956-04-01,337.7865,5.6297749999999995,0.48500000000000004,0.4696666666666667,108.30508333333334,0.7391666666666666,-9.659666666666666,0.4503333333333333,12.0,232.00221349808058,235.01790420932235,240.2111034481332,0.47472927495035133,0.7884154945283157,36.99254738575171
1956-05-01,329.5673969830758,5.492789949717929,0.4868141402992397,0.4515212043168997,108.79722896737799,0.745541439784155,-10.233313465783665,0.4594675128771155,111.33333333333333,239.91869686491918,237.52784640567,241.7094336645101,0.4763856184690716,0.781067790104167,46.52785993237618
1956-06-01,321.3482939661516,5.355804899435859,0.4886282805984793,0.4333757419671327,109.28937460142262,0.7519162129016433,-10.806960264900662,0.4686016924208977,210.66666666666666,247.25626415856127,239.8306739807685,243.03329208179355,0.4782730567466962,0.7743112390952867,52.008844859574886
1956-07-01,313.1291909492274,5.218819849153789,0.49044242089771894,0.41523027961736575,109.78152023546727,0.7582909860191317,-11.38060706401766,0.47773587196467987,310.0,254.01491537900685,241.92638693461782,244.18267869998343,0.480391589783225,0.7681458415016748,55.03158557773197
1956-08-01,304.91008793230316,5.08183479887172,0.4922565611969586,0.39708481726759876,110.2736658695119,0.76466575913662,-11.954253863134658,0.4868700515084621,409.3333333333333,260.194650526256,243.81498526721785,245.15759351907982,0.482741217578658,0.7625715973233315,56.33033598208367
1956-09-01,296.690984915379,4.944849748589649,0.4940707014961982,0.37893935491783176,110.76581150355655,0.7710405322541084,-12.527900662251657,0.4960042310522443,508.66666666666663,265.7954696003086,245.49646897856869,245.9580365390827,0.4853219401329952,0.7575885065602564,56.34020674621341
1956-10-01,288.47188189845474,4.807864698307579,0.49588484179543785,0.3607938925680648,111.25795713760118,0.7774153053715968,-13.101547461368654,0.5051384105960265,608.0,270.8173726011648,246.97083806867033,246.5840077599921,0.4881337574462367,0.7531965692124496,55.362650823715065
1956-11-01,280.25277888153056,4.670879648025509,0.4976989820946775,0.34264843021829783,111.75010277164583,0.7837900784890851,-13.675194260485652,0.5142725901398086,707.3333333333333,275.2603595288244,248.2380925375228,247.03550718180796,0.49117666951838235,0.7493957852799115,53.63335692698833
1956-12-01,272.0336758646064,4.533894597743439,0.4995131223939171,0.32450296786853083,112.24224840569046,0.7901648516065735,-14.24884105960265,0.5234067696835909,806.6666666666666,279.12443038328763,249.29823238512603,247.31253480453032,0.4944506763494323,0.7461861547626416,51.3574184319115
1957-01-01,263.81457284768214,4.396909547461369,0.5013272626931567,0.30635750551876384,112.73439403973511,0.7965396247240618,-14.822487858719647,0.532540949227373,906.0,282.4095851645543,250.15125761148,247.41509062815916,0.49795577793938645,0.7435676776606402,48.731875815373776
1957-02-01,199.2653746591352,3.321089577652253,0.5683695136995195,0.43726698805349956,120.62875584339696,0.700490400597325,-10.740935105830411,0.7110792981430982,470.0,282.20107824146214,249.19608202603104,246.4632151471283,0.5035671522637752,0.7443795992403585,49.112152030833286
1957-03-01,134.71617647058824,2.2452696078431376,0.6354117647058823,0.5681764705882353,128.52311764705883,0.6044411764705883,-6.659382352941177,0.8896176470588235,34.0,278.4989096140112,246.432705628779,244.45690836143774,0.5112847993225987,0.7486219195017964,58.3860424506338
1957-04-01,478.7332,7.978886666666668,0.5174000000000001,0.409,119.4686,0.6524,-10.3246,0.5734,5.0,290.2444679473445,253.2101901341117,248.20560729972013,0.5139847993225988,0.7413913639462407,81.1404419226219
1957-05-01,329.737475,5.495624583333334,0.510325,0.320875,122.201175,0.5750124999999999,-11.620675,0.5256375,10.5,290.25864111542154,255.8337369717677,249.4924328198186,0.5159440376309955,0.7271806189642279,81.14794957189434
1957-06-01,180.74175,3.0123625,0.50325,0.23275,124.93375,0.497625,-12.91675,0.47787500000000005,16.0,278.5414291182422,254.30334614174697,248.31738492173318,0.5171625142477889,0.7059896845557576,86.24212910506196
1957-07-01,181.62737777777778,3.027122962962963,0.4180555555555555,0.20333222222222222,117.82717777777778,0.61935,-13.659744444444446,0.3805388888888889,20.666666666666668,267.58294468728815,252.78238855454336,247.1784861517601,0.5111302754692753,0.6944112690541632,89.7317784312476
1957-08-01,182.51300555555554,3.0418834259259255,0.33286111111111105,0.17391444444444445,110.72060555555555,0.741075,-14.402738888888889,0.2832027777777778,25.333333333333336,257.38318782255914,251.27086421015687,246.07573650989946,0.49784732129545467,0.6924453724594448,92.03006974236365
1957-09-01,183.39863333333332,3.0566438888888885,0.24766666666666665,0.14449666666666666,103.61403333333332,0.8628,-15.145733333333334,0.18586666666666665,30.0,247.94215852405534,249.76877310858748,245.00913599615114,0.47731365172632706,0.7000919947716024,93.43149463387793
1957-10-01,203.0454952380952,3.3840915873015867,0.30186904761904765,0.11373761904761905,107.7236238095238,0.8471500000000001,-18.708759523809526,0.2474404761904762,22.0,240.82329296902537,248.79726064225144,244.291371845965,0.4611456688782945,0.7059032193239695,93.31705438043146
1957-11-01,222.69235714285713,3.7115392857142853,0.3560714285714286,0.08297857142857143,111.83321428571428,0.8315,-22.271785714285716,0.30901428571428574,14.0,236.02659115746926,248.3563268111487,243.92244405934096,0.44934337275135716,0.7098790461165457,92.58251617587848
1957-12-01,227.4062094356261,3.7901034905937685,0.4099585537918871,0.1847374462081129,111.70434973544974,0.815427901234568,-18.92556816578483,0.3880650440917108,412.0,232.3076356217209,248.03116579272395,243.65346914274582,0.44188049203452123,0.711984300252212,91.898451161459
1958-01-01,232.12006172839506,3.8686676954732513,0.46384567901234564,0.2864963209876543,111.57548518518519,0.7993558024691358,-15.57935061728395,0.4671158024691358,810.0,229.66642636178028,247.8217775869772,243.48444709617954,0.438757026727787,0.7122189817309681,91.36451212735867
1958-02-01,306.6267078189301,5.110445130315501,0.4782304526748971,0.39829384362139914,112.3768049382716,0.6613483127572016,-12.743604115226336,0.5196327572016461,543.0,238.61320412509656,249.71735483203884,244.56991876198808,0.4312454383090685,0.7089571410776244,93.3518942828477
1958-03-01,381.1333539094651,6.352222565157751,0.49261522633744853,0.510091366255144,113.17812469135804,0.5233408230452674,-9.907857613168723,0.5721497119341564,276.0,259.1479689116696,253.71789752790878,246.90988414017144,0.4193457267783656,0.702198778292181,95.4975581740155
1958-04-01,455.64000000000004,7.594,0.507,0.6218888888888888,113.97944444444445,0.3853333333333333,-7.072111111111111,0.6246666666666667,9.0,257.2235355783363,259.8234056745871,250.5043432307296,0.418479060111699,0.6799432227366254,90.78677468484395
1958-05-01,346.01430000000005,5.766905,0.386975,0.4324444444444444,110.51714722222222,0.5630916666666667,-11.469755555555555,0.44190333333333337,14.5,258.5799376616696,262.9190918806701,252.28442359882027,0.4081998934450324,0.6789498199588477,92.08102832497703
1958-06-01,236.3886,3.93981,0.26695,0.24300000000000002,107.05484999999999,0.74085,-15.8674,0.25914000000000004,20.0,263.2171751616696,263.0049561461577,252.25012524444347,0.38850822677836566,0.6992185699588478,89.15955967733633
1958-07-01,217.41264666666666,3.6235441111111113,0.35097666666666666,0.29395,110.93279666666666,0.73628,-14.35752,0.3545453333333334,18.4,266.19928090241035,262.5990469895685,251.91227727871038,0.38291831937095827,0.7089627366255145,86.74840435427406
1958-08-01,198.43669333333332,3.307278222222222,0.4350033333333333,0.3449,114.81074333333333,0.73171,-12.84764,0.44995066666666667,16.8,267.5262548838918,261.7013644109023,251.27087970162088,0.3914301712228101,0.7081823199588477,85.46418043484431
1958-09-01,179.46074000000002,2.9910123333333334,0.51903,0.3958499999999999,118.68869000000001,0.72714,-11.33776,0.545356,15.2,267.19809710611406,260.31190841015933,250.32593251317513,0.4140437823339212,0.6968773199588477,85.82337754475306
1958-10-01,160.48478666666668,2.6747464444444446,0.6030566666666666,0.4468,122.56663666666667,0.7225699999999999,-9.82788,0.6407613333333333,13.6,263.6513713918284,258.4306789873395,249.07743571337295,0.4391427505878895,0.6864956532921811,89.5155631994603
1958-11-01,141.50883333333334,2.3584805555555555,0.6870833333333333,0.49774999999999997,126.44458333333334,0.718,-8.318,0.7361666666666666,12.0,256.88607774103474,256.0576761424428,247.52538930221448,0.4667270759847148,0.6770373199588477,95.74365632013443
1958-12-01,190.99362289463375,3.183227048243896,0.5780544751273011,0.39608843713278497,119.23338449862908,0.7429902702702702,-11.768880728554642,0.5954816294555425,431.5,253.8516955292853,255.09458717809795,246.81080566127685,0.4807350694293327,0.6710008507118229,97.3268103988381
1959-01-01,240.47841245593418,4.007973540932237,0.4690256169212691,0.2944268742655699,112.0221856639248,0.7679805405405404,-15.219761457109284,0.4547965922444183,851.0,254.54822475658025,255.54141209430497,246.93368479056014,0.48116673092174295,0.6683862455511066,97.18695535524931
1959-02-01,234.24314371327847,3.904052395221308,0.428832458545502,0.25794239522130824,108.90719916438178,0.789017117117117,-15.852878992035514,0.3969949379814597,711.6666666666666,248.5162610811093,256.443514482556,246.94354225685979,0.4770502314109601,0.6790253125810995,95.89855439813313
1959-03-01,228.0078749706228,3.80013124951038,0.38863930016973497,0.2214579161770466,105.79221266483876,0.8100536936936936,-16.485996526961745,0.3391932837185011,572.3333333333333,235.75580450287245,257.80089434285105,246.84037806017582,0.4683855708969839,0.7029180518018018,86.36140218331968
1959-04-01,221.7726062279671,3.6962101037994515,0.3484461417939679,0.18497343713278497,102.67722616529574,0.8310902702702703,-17.119114061887974,0.2813916294555425,433.0,216.26685502186967,254.57828618251682,246.62419220050825,0.45517274937981456,0.7400644632132131,51.63671195772839
1959-05-01,215.53733748531138,3.5922889580885236,0.30825298341820084,0.1484889580885233,99.56223966575273,0.8521268468468468,-17.752231596814205,0.2235899751925839,293.66666666666663,205.39377481231233,251.41078452980116,246.294984677857,0.4486125813313313,0.7641507282282282,31.73368797640357
1959-06-01,209.3020687426557,3.488367812377595,0.26805982504243375,0.11200447904426164,96.4472531662097,0.8731634234234233,-18.385349131740433,0.1657883209296253,154.33333333333326,203.13656387420028,248.29838938470408,245.85275549222214,0.44870506675153415,0.7751768468468468,30.257609165933495
1959-07-01,203.0668,3.384446666666667,0.2278666666666667,0.07552,93.33226666666668,0.8942,-19.018466666666665,0.10798666666666668,15.0,201.94107665197805,245.24110074722546,245.2975046436037,0.43844590008486745,0.7883368468468469,29.92384286141472
1959-08-01,205.7275416168857,3.4287923602814283,0.26812600557546795,0.11722328554360811,96.39077538829153,0.8720517522899244,-18.284945639187573,0.17268070489844684,152.0,202.54864734227408,242.48603001624167,244.77749897132728,0.4245394561050453,0.800031992871007,29.920237900584095
1959-09-01,208.3882832337714,3.4731380538961902,0.30838534448426924,0.15892657108721625,99.44928410991638,0.8499035045798486,-17.55142461170848,0.23737474313022702,289.0,204.9592759450884,240.0331771917526,244.29273847539295,0.4069857348120678,0.810262284919328,29.043452266426865
1959-10-01,211.0490248506571,3.517483747510952,0.34864468339307053,0.20062985663082436,102.50779283154122,0.827755256869773,-16.81790358422939,0.3020687813620072,426.0,209.1729624604209,237.88254227375825,243.8432231558007,0.3857847362059348,0.8190277229918089,25.450105039320352
1959-11-01,213.7097664675428,3.5618294411257136,0.38890402230187177,0.24233314217443247,105.56630155316607,0.8056070091596974,-16.0843825567503,0.36676281959378737,563.0,215.18970688827167,236.03412526225853,243.42895301255052,0.36093646028664633,0.8263283070884504,13.923557439846522
1959-12-01,216.3705080844285,3.606175134740475,0.429163361210673,0.2840364277180406,108.62481027479092,0.7834587614496217,-15.350861529271207,0.43145685782556753,700.0,217.30444732075463,234.48792615725358,243.04992804564236,0.3485288674602607,0.8297006813533964,11.657218814046168
1960-01-01,219.0312497013142,3.650520828355237,0.4694227001194743,0.32573971326164874,111.68331899641576,0.7613105137395461,-14.617340501792114,0.4961508960573477,837.0,215.51718375786962,233.24394495874336,242.70614825507627,0.3485619577267777,0.8291448457866468,9.15729073232945
1960-02-01,310.2768436006571,5.171280726677619,0.47830510005973714,0.3536323566308244,113.79322199820788,0.7059677568697731,-14.161701500896058,0.5105754480286738,426.5,221.85332541515115,236.32759687378564,243.90433019847535,0.352684677852964,0.822224065766035,28.713929108259997
1960-03-01,401.5224375,6.692040625000001,0.4871875,0.381525,115.903125,0.650625,-13.7060625,0.525,16.0,236.31287229259928,243.7388819023804,246.6444738758396,0.36089702783881944,0.8089383412915604,59.39356896583216
1960-04-01,183.44008333333332,3.0573347222222225,0.35241666666666666,0.27708333333333335,109.68991666666666,0.8555,-11.8605,0.39475,12.0,233.11849538471313,235.5362953283064,245.77111348606886,0.36122790491154433,0.8109724854357045,61.24854011516953
1960-05-01,186.65588888888888,3.1109314814814817,0.3241527777777778,0.22064305555555555,107.19444444444444,0.8656458333333333,-13.765895833333333,0.3285708333333333,13.333333333333334,230.71170800167786,231.56180682521992,244.9725516912001,0.36255288777484246,0.8120990676429117,62.5557100887981
1960-06-01,189.87169444444444,3.164528240740741,0.29588888888888887,0.16420277777777775,104.69897222222222,0.8757916666666667,-15.671291666666665,0.2623916666666667,14.666666666666666,229.09251014349363,231.81541639312115,244.2487884912334,0.36487197642871366,0.8123180879131819,63.40594892190358
1960-07-01,193.0875,3.218125,0.267625,0.1077625,102.2035,0.8859375,-17.5766875,0.1962125,16.0,228.26090181016028,232.13375312151624,243.59982388616874,0.36818517087315805,0.8116295462465154,63.84226460117909
1960-08-01,168.09216666666666,2.8015361111111114,0.3948333333333333,0.19358333333333333,105.58983333333333,0.9282499999999999,-13.3485,0.3451666666666667,12.0,225.12462056430874,231.73317426349155,242.55547222785796,0.3787441148529802,0.8163127335556885,65.93982896964592
1960-09-01,153.56725,2.559454166666667,0.478375,0.32166666666666666,109.65575000000001,0.7822083333333333,-12.752833333333333,0.5489166666666667,12.0,220.5562011281611,230.9045247264545,241.29024046074548,0.3929099194792911,0.8106714692851454,69.0313356455597
1960-10-01,139.04233333333335,2.317372222222222,0.5619166666666667,0.44975000000000004,113.72166666666668,0.6361666666666667,-12.157166666666667,0.7526666666666667,12.0,214.55564350171744,229.1266591179889,239.80412858483135,0.4106825847520908,0.7947057534348865,72.95118059439167
1960-11-01,178.29990255997856,2.9716650426663094,0.526800777375687,0.40206591797346203,112.59690081758478,0.6816916418710629,-13.343510789438414,0.6501133628199973,284.3333333333333,211.60482150942042,227.8935353795756,238.99351136500408,0.42217398100824205,0.7843794728275003,73.70080626756825
1960-12-01,217.55747178662375,3.6259578631103966,0.4916848880847072,0.354381835946924,111.47213496850289,0.727216617075459,-14.529854912210158,0.5475600589733279,556.6666666666666,211.70373515127002,227.61995933377,238.8583888012637,0.4273841082477449,0.7796926274629867,73.7085798381183
1961-01-01,256.81504101326897,4.280250683554484,0.45656899879372737,0.306697753920386,110.34736911942099,0.7727415922798553,-15.716199034981905,0.4450067551266586,829.0,214.85238442726623,228.30593098057204,239.39876089361013,0.42631296647059935,0.7806452173413457,74.84825357725138
1961-02-01,314.22316666666666,5.237052777777778,0.5279166666666667,0.21238333333333334,108.18958333333335,0.75,-16.737583333333333,0.45008333333333334,12.0,215.18124468276707,228.5169437263425,241.27302270911724,0.4304472636878434,0.7843145709355314,75.3128619129647
1961-03-01,182.14558333333332,3.035759722222222,0.4695833333333333,0.33549999999999996,118.17066666666666,0.7364166666666666,-12.652833333333334,0.5816666666666667,12.0,196.89984016887817,222.98950565478327,241.3230790980061,0.42898024979895455,0.791463876491087,47.43425750252501
1961-04-01,176.99802370689656,2.949967061781609,0.48710129310344824,0.32096982758620685,119.41838793103447,0.6991487068965517,-12.621340517241379,0.5817241379310345,16.25,196.3630018666751,215.24945075775264,238.64327115978773,0.44020396866868633,0.7784346020657997,47.63645999846242
1961-05-01,171.85046408045977,2.864174401340996,0.5046192528735632,0.3064396551724138,120.6661091954023,0.6618807471264367,-12.589847701149425,0.5817816091954022,20.5,195.1292164659727,210.4115664266543,236.0146556114108,0.45524284159333517,0.7614541782152249,48.100203441653974
1961-06-01,166.70290445402298,2.778381740900383,0.5221372126436782,0.2919094827586207,121.91383045977011,0.6246127873563219,-12.558354885057472,0.5818390804597701,24.75,193.1984839667709,208.47585266148826,233.43723245287532,0.47409686857290095,0.740522604939363,48.79046686262845
1961-07-01,161.55534482758623,2.69258908045977,0.5396551724137931,0.2773793103448276,123.16155172413792,0.587344827586207,-12.526862068965517,0.5818965517241379,29.0,190.57080436906972,206.92426094373604,230.91100168418131,0.49676604960738374,0.7156398822382134,49.6387181723451
1961-08-01,163.86016321839082,2.7310027203065133,0.504743448275862,0.2928475402298851,117.86647448275862,0.6298965517241379,-12.14150804597701,0.5576110344827586,27.666666666666668,190.21813741504673,205.96380177387653,228.5601696056161,0.5059252258525945,0.6907770948818915,49.82761416732645
1961-09-01,166.1649816091954,2.7694163601532567,0.469831724137931,0.30831577011494254,112.5713972413793,0.672448275862069,-11.756154022988506,0.5333255172413792,26.333333333333332,191.26794838247966,205.5944751519097,226.3847362171797,0.505213286197422,0.681630423425953,49.112805207445625
1961-10-01,168.4698,2.80783,0.43492,0.323784,107.27632,0.715,-11.3708,0.5090399999999999,25.0,193.72023727136857,205.81628107783564,224.38470151887213,0.49463023064186645,0.6881998678703973,46.955317291754355
1961-11-01,399.275,6.654583333333333,0.45506,0.34099199999999996,102.87906,0.7536,-11.0313,0.46662,15.0,212.13482872470368,212.97645237413195,226.36840520417996,0.4886518325272258,0.6941922310478087,75.19588217615748
1961-12-01,630.0802,10.501336666666667,0.47520000000000007,0.35819999999999996,98.48179999999999,0.7922,-10.6918,0.4242,5.0,246.51172274248506,225.1733017381699,232.3358472731032,0.48727809185350024,0.6996075129581872,142.27575844870822
1962-01-01,239.68167723004694,3.9946946205007823,0.46764307511737085,0.31818028169014084,113.64314553990612,0.7546293896713615,-14.6757441314554,0.49572406103286387,852.0,245.08394242721656,225.15117020411745,231.9336323461426,0.4882009315471372,0.6980981627408127,142.24892852719194
1962-02-01,688.5,11.475,0.4205,0.31875000000000003,114.56925,0.61525,-14.99925,0.3105,4.0,276.27367853832766,237.76941621208198,240.08754276849035,0.4792495426582484,0.686868996074146,191.34602318105746
1962-03-01,192.7375625,3.2122927083333335,0.27849999999999997,0.153225,97.441125,0.8319375,-15.4526875,0.18483125,16.0,277.1563434688832,236.7896853101202,241.05456586898055,0.46332593154713725,0.6948290655185905,190.89624541918442
1962-04-01,144.77666666666667,2.412944444444445,0.5020833333333333,0.7041666666666666,139.26008333333334,0.6995,-7.467,0.85025,12.0,274.47123038219735,234.6509092111952,235.48862364675833,0.4645744348996277,0.6948583399438778,192.65166716873227
1962-05-01,187.08089371980677,3.118014895330113,0.5047657004830918,0.5904009661835748,135.06743236714976,0.659840579710145,-9.083985507246377,0.7453695652173913,15.666666666666666,275.740432852143,233.86045243993118,233.1110139587551,0.4645866388670883,0.6946883259925202,191.96307226758378
1962-06-01,229.38512077294683,3.8230853462157808,0.5074480676328502,0.4766352657004831,130.87478140096619,0.6201811594202898,-10.700971014492755,0.6404891304347825,19.333333333333332,280.96395087871997,234.41831499632815,233.92173680497086,0.4633625434495194,0.6943190236645176,189.56415151374975
1962-07-01,271.68934782608693,4.528155797101449,0.5101304347826087,0.36286956521739133,126.68213043478261,0.5805217391304348,-12.31795652173913,0.5356086956521738,23.0,290.14178446192835,236.32449688038616,235.4227696391094,0.46090214864692064,0.6937504329598698,185.88780938114814
1962-08-01,248.82605006587613,4.147100834431269,0.4192687747035573,0.2859281949934124,115.89942028985507,0.6794690382081686,-13.562425559947298,0.3996421607378129,19.0,297.22227503255215,237.52167767063585,236.52798704761472,0.45377925918256196,0.6978814735002058,182.22249046049654
1962-09-01,225.96275230566536,3.766045871761089,0.3284071146245059,0.20898682476943348,105.11671014492754,0.7784163372859025,-14.806894598155468,0.2636756258234519,15.0,302.20542259059135,238.0098573670774,237.23738903048692,0.44199387505644316,0.7067121452855253,179.10365729748102
1962-10-01,203.09945454545456,3.3849909090909094,0.23754545454545453,0.13204545454545455,94.334,0.8773636363636363,-16.051363636363636,0.1277090909090909,11.0,305.0912271360458,237.78903596971062,237.23828835227624,0.4255459962685644,0.7202424483158283,177.0198145993433
1962-11-01,204.3101818181818,3.4051696969696965,0.19836363636363635,0.17881818181818182,112.052,0.7823636363636364,-15.534090909090908,0.18927272727272726,11.0,288.8441589542277,237.5279363961173,236.93191876353163,0.40415463263220075,0.7226394180127979,176.53606165186488
1962-12-01,209.21762791925056,3.486960465320842,0.33325670932840745,0.27304216783216784,112.43327431059507,0.7608461012006862,-15.017205831903944,0.3546788164665523,350.0,253.77227794749854,237.3292452804179,236.62877573825872,0.39232602507623476,0.7200265931128551,140.76179052405973
1963-01-01,214.12507402031932,3.568751233671988,0.46814978229317855,0.36726615384615385,112.81454862119013,0.7393285660377359,-14.50032075471698,0.5200849056603774,689.0,251.6425610133546,237.19296262261247,236.32885927645745,0.3923682506742187,0.7187515244767196,141.1870538125548
1963-02-01,222.48563157894736,3.708093859649123,0.382,0.37105263157894736,106.7921052631579,0.7343684210526316,-12.050368421052632,0.46699999999999997,19.0,212.8080303116002,234.75431784423165,234.92650800579108,0.3891599173408853,0.728678059564439,31.8802889303783
1963-03-01,251.33060053981106,4.188843342330185,0.3737948717948718,0.3322145748987854,105.80832658569501,0.7511174089068826,-12.104143049932524,0.4073333333333333,17.0,217.69078348158448,230.58232237311526,232.76312878296352,0.3971011566571247,0.7219430519733457,32.99442162453227
1963-04-01,280.1755695006747,4.669592825011247,0.36558974358974355,0.2933765182186235,104.82454790823212,0.7678663967611336,-12.157917678812415,0.3476666666666666,15.0,228.97402538441847,233.269419211097,229.83872160797472,0.3857266908451588,0.7276402517034403,28.659588147470473
1963-05-01,309.0205384615384,5.150342307692308,0.35738461538461536,0.25453846153846155,103.84076923076924,0.7846153846153846,-12.211692307692308,0.288,13.0,239.1356624462294,236.6684372547817,229.22215891566705,0.37344493375361915,0.7380381521122102,33.640337370530546
1963-06-01,230.58089423076922,3.8430149038461545,0.4043589743589744,0.3078942307692308,102.53759294871796,0.7616410256410255,-11.475554487179487,0.39308333333333334,12.5,239.23531023438127,237.79924835995735,229.1253638195132,0.36485417598079617,0.7498264742972717,33.61058697189957
1963-07-01,152.14124999999999,2.5356875000000003,0.45133333333333336,0.36125,101.23441666666668,0.7386666666666666,-10.739416666666665,0.49816666666666665,12.0,229.27296874887406,236.66185252662405,228.03750720840208,0.35995441752668983,0.7630052182586242,40.189911579187324
1963-08-01,189.15357575757577,3.1525595959595956,0.408030303030303,0.26832727272727275,115.96715151515151,0.7733030303030303,-14.19960606060606,0.40776060606060605,33.0,224.3002625565157,237.2468916680382,227.88278858213945,0.35901787822058534,0.7708247175998627,41.22888213450129
1963-09-01,197.56478571428573,3.2927464285714287,0.5104285714285715,0.1823857142857143,109.56314285714286,0.8441428571428571,-17.383142857142857,0.47487142857142856,14.0,221.93376534056736,238.4690454378795,228.18452267737754,0.37418633295425746,0.7763019275879421,41.93376387894356
1963-10-01,428.369875,7.1394979166666666,0.491875,0.2828,110.127375,0.54475,-13.521625,0.36,8.0,240.70630037844614,246.50592159528685,232.6492741495998,0.3953804617421363,0.7485841245576391,72.22130467013335
1963-11-01,353.30146292929294,5.888357715488215,0.4934083838383838,0.30220748686868687,110.88594656565657,0.6105111430303031,-13.803399292929294,0.4160470303030303,280.3333333333333,253.12224047103874,251.36707604999003,236.17915130953244,0.4199675240316986,0.7342630834465281,77.97331227228442
1963-12-01,278.23305085858584,4.637217514309764,0.4949417676767677,0.32161497373737374,111.64451813131313,0.6762722860606061,-14.085173585858586,0.4720940606060606,552.6666666666666,258.87352571598336,253.05250880198895,237.63314177559832,0.43344127889406187,0.727215265518188,76.97946721821052
1964-01-01,203.16463878787877,3.386077313131313,0.4964751515151515,0.3410224606060606,112.4030896969697,0.7420334290909092,-14.36694787878788,0.5281410909090909,825.0,257.96015611328,251.56221985128366,237.01124554779742,0.43580172632922637,0.7274406707726192,77.62103002902246
1964-02-01,198.97199999999998,3.3162000000000003,0.277,0.221,73.61850000000001,0.868,-14.6615,0.16249999999999998,2.0,256.0006868150344,248.36079855498735,236.4233931525761,0.4270517263292264,0.7385766356848998,78.88446889538064
1964-03-01,188.68383333333333,3.1447305555555554,0.3456666666666667,0.2491666666666667,114.39058333333334,0.87,-13.82575,0.36291666666666667,2.5,250.78012288116122,248.54241661054297,235.76799245862125,0.42470770923520923,0.748483518275993,81.25887440507427
1964-04-01,178.39566666666667,2.973261111111111,0.4143333333333334,0.2773333333333334,155.16266666666667,0.872,-12.99,0.5633333333333334,3.0,242.29846431166058,248.58124002609213,235.0450434659329,0.42876967504717506,0.7571613185458985,83.20030933061402
1964-05-01,275.59277083333336,4.5932128472222225,0.4616041666666667,0.2871166666666667,135.25783333333334,0.7988124999999999,-14.4661875,0.44929166666666664,5.5,239.5128170093101,251.46297076922752,236.04596735506664,0.43745463765401266,0.7583444114946166,81.30121540911286
1964-06-01,372.789875,6.2131645833333335,0.508875,0.2969,115.353,0.725625,-15.942375,0.33525,8.0,251.36356540674603,257.18760883994906,238.77076412602236,0.44616430645743144,0.755343076024531,89.80103056108821
1964-07-01,265.4276875,4.4237947916666664,0.5144791666666666,0.4691791666666667,110.466125,0.5699770833333333,-11.6223125,0.49712499999999993,16.0,260.80410186507936,260.0729516919606,239.81011225102236,0.45142645923520924,0.7412856107467531,84.20198815418527
1964-08-01,158.06550000000001,2.634425,0.5200833333333333,0.6414583333333334,105.57925,0.41432916666666664,-7.30225,0.6589999999999999,24.0,258.21342888528136,259.91198882478307,239.01574489074093,0.46076421176046173,0.7113711221103896,87.03740381120548
1964-09-01,184.91325,3.0818875,0.2805,0.379,96.5565,0.9339999999999999,-8.591750000000001,0.20725,4.0,257.1591342424242,260.43277405786097,238.62449433684475,0.4416034974747474,0.7188592173484848,87.91107394507833
1964-10-01,192.93729411764707,3.215621568627451,0.5015294117647059,0.5129058823529412,107.47088235294119,0.4587647058823529,-10.355764705882352,0.5101176470588236,17.0,237.53975250222814,261.1124266722401,238.32263215796127,0.44240803178847293,0.7116937761720142,70.84182859389298
1964-11-01,168.38441666666665,2.806406944444444,0.39166666666666666,0.2760666666666667,105.18808333333334,0.7791666666666667,-15.656083333333333,0.44216666666666665,12.0,222.1299986470093,254.6987993574253,237.56720966127995,0.4339295553574965,0.7257484031417113,63.05579936617486
1964-12-01,179.14345921361502,2.985724320226917,0.4449319248826291,0.33090344424882634,109.80494747652583,0.7249370255868545,-14.444921948356807,0.4910484741784038,290.0,213.87253267659506,242.17277878002565,236.94675884676641,0.429762068457985,0.729803798102232,61.51011250544213
1965-01-01,189.90250176056338,3.1650416960093897,0.49819718309859157,0.38574022183098594,114.42181161971831,0.6707073845070423,-13.233760563380281,0.5399302816901409,568.0,212.76735459098543,240.7900239058733,236.46127971442058,0.42990557108993827,0.7238599610535763,61.838263906100764
1965-02-01,476.927375,7.948789583333333,0.3675833333333334,0.5452083333333333,127.76008333333334,0.5519166666666667,-12.505375,0.4417625,24.0,235.93030250765216,234.91300654476223,239.2387885710763,0.4374541822010494,0.6975196832757985,97.80110540927784
1965-03-01,166.70657894736843,2.77844298245614,0.5733684210526316,0.4784210526315789,137.817,0.5227168421052631,-11.333315789473684,0.6378421052631579,19.0,234.09886464215504,234.18992366830025,235.32519092853244,0.4564293283998799,0.6685794201179038,98.9651286107164
1965-04-01,342.45551169590647,5.707591861598441,0.509406432748538,0.3570438596491228,127.63644444444445,0.6615806432748538,-12.836602339181287,0.4977543859649123,14.0,247.7705183945917,239.68100269689023,237.97544806790862,0.4643520866844802,0.6510444737241416,101.86015850192429
1965-05-01,518.2044444444444,8.636740740740741,0.4454444444444445,0.23566666666666666,117.4558888888889,0.8004444444444444,-14.339888888888888,0.35766666666666663,9.0,267.9881578621843,248.87887910590794,243.5012573271679,0.46300544316596176,0.6511804690945121,128.4826858058321
1965-06-01,414.8820962962963,6.914701604938272,0.37360740740740744,0.2117777777777778,107.76132592592593,0.812474074074074,-14.807637037037036,0.28922888888888887,11.0,271.49584297020897,254.03157287044547,247.25143069136544,0.4517331437832457,0.6584178919340182,132.12686363922677
1965-07-01,311.5597481481482,5.1926624691358025,0.30177037037037036,0.18788888888888888,98.06676296296297,0.8245037037037037,-15.275385185185185,0.22079111111111108,13.0,275.3401813575546,255.13908399050266,249.22596816050125,0.4340074107585543,0.6796284436315491,132.6045165082267
1965-08-01,208.2374,3.4706233333333336,0.22993333333333332,0.164,88.3722,0.8365333333333334,-15.743133333333333,0.1523533333333333,15.0,279.52117302422135,254.01162148867277,249.89505538272346,0.4098282440918877,0.7148121241871045,129.32102404649982
1965-09-01,192.9787,3.216311666666667,0.2659666666666667,0.188,94.96934999999999,0.8775166666666667,-15.662066666666666,0.17417666666666665,8.5,280.1932938575547,253.09539781351543,250.55191288272346,0.40861713298077657,0.7101051797426602,128.80454517883962
1965-10-01,177.72000000000003,2.962,0.302,0.21200000000000002,101.56649999999999,0.9185,-15.581,0.196,2.0,278.9251860144174,252.3904129650306,251.19654066050126,0.39198968200038437,0.7484164542524642,129.81265827736283
1965-11-01,234.22725,3.9037875,0.5086666666666667,0.4855875,124.59375,0.48055833333333337,-10.867708333333333,0.5905874999999999,24.0,284.4120887921952,253.22144263674778,252.12866311783495,0.4017396820003844,0.7235324264746863,126.05264387629047
1965-12-01,172.14561538461538,2.86909358974359,0.5391538461538462,0.43676923076923074,108.9303076923077,0.5103076923076924,-14.657692307692308,0.7006923076923077,13.0,283.82893513977854,252.19166451078567,251.37179884446815,0.40959150877298584,0.7056466487014227,126.59892113933047
1966-01-01,197.63554291044775,3.2939257151741295,0.49459458955223884,0.4260378731343284,114.22617164179105,0.6111844402985074,-12.05879291044776,0.5546223880597015,536.0,284.47335523560224,251.73362197995596,250.3854738760878,0.40929129264412306,0.7006864033507116,126.09603043986567
1966-02-01,185.40546666666665,3.090091111111111,0.5329333333333334,0.647,119.3014,0.31217480000000003,-7.593733333333334,0.7447333333333332,15.0,260.1798628744911,250.70361739905923,248.2385122094211,0.42307045931078974,0.6807079144618227,113.05513915722176
1966-03-01,170.1281960784314,2.835469934640523,0.5030588235294118,0.4318235294117647,117.28962745098039,0.610921568627451,-11.930901960784313,0.5719411764705883,51.0,260.46499763541306,248.4479950529098,248.0382224218394,0.41721132618385476,0.6880583083386718,112.80199129894987
1966-04-01,166.96205957767722,2.782700992961287,0.4975294117647059,0.49221945701357467,113.68315987933636,0.5140377073906486,-9.75602790346908,0.5762398190045249,32.0,245.84054329222727,245.30317533282653,247.87095635301907,0.4162215744352021,0.6757630636816545,112.58170394816132
1966-05-01,163.79592307692306,2.7299320512820513,0.492,0.5526153846153846,110.07669230769231,0.41715384615384615,-7.581153846153847,0.5805384615384616,13.0,216.3064998449338,241.2691582388094,247.73671400296013,0.4201012040648317,0.6438221804907713,74.77429619731731
1966-06-01,205.24657142857146,3.4207761904761904,0.4732857142857143,0.7452857142857142,116.08692857142857,0.3432071428571429,-5.2664285714285715,0.6302857142857142,14.0,198.83687277262345,240.56542704985947,248.37910845253595,0.428407729638024,0.6047166028893605,41.04426563851991
1966-07-01,200.36230434782607,3.3393717391304345,0.4328695652173913,0.5219130434782608,108.06295652173912,0.5384221739130435,-11.803521739130435,0.5080695652173913,23.0,189.5704191225966,241.90490078174355,249.0258911112066,0.4393326625419424,0.5808764754068054,20.881534925833286
1966-08-01,168.068375,2.8011395833333332,0.518,0.6485,130.845375,0.11599875,-8.11675,0.6816249999999999,8.0,186.2230003725966,241.31920076069977,249.09602797423344,0.4633382180974979,0.5208319267956943,20.836686807746553
1966-09-01,304.4654545454545,5.074424242424243,0.4626363636363637,0.4520909090909091,104.15272727272726,0.3594181818181818,-12.018454545454546,0.5034545454545455,11.0,195.51356325138445,244.2886637837878,251.4010358565044,0.47972735951163936,0.47765705305832057,40.085937770646275
1966-10-01,227.63753282828281,3.7939588804713806,0.4739015151515152,0.4128760101010101,106.9167803030303,0.4632979797979798,-12.742949494949496,0.560949494949495,14.5,199.67335765374136,238.712765390129,252.38716473697576,0.4940524857742656,0.43972355137481894,40.65754803123193
1966-11-01,150.8096111111111,2.5134935185185183,0.4851666666666667,0.3736611111111111,109.68083333333333,0.5671777777777778,-13.467444444444444,0.6184444444444445,18.0,192.72188774633392,233.0879917285128,248.24607492216097,0.4920941524409323,0.4469418384118559,41.33809312404438
1966-12-01,183.03586342592592,3.050597723765432,0.47879375,0.3991173533950617,113.66436805555554,0.5624303333333334,-12.756867283950617,0.5808236111111111,333.0,193.62940841644317,230.44362541093895,240.79533597925973,0.4870641444281117,0.45128539183065935,40.963143447478394
1967-01-01,215.26211574074074,3.5877019290123453,0.4724208333333333,0.42457359567901237,117.64790277777777,0.5576828888888888,-12.04629012345679,0.5432027777777778,648.0,195.09828948563427,230.77966643740734,240.3883432877713,0.48521633140986964,0.44682692921319117,41.43319256294087
1967-02-01,138.8165,2.3136083333333333,0.46225,0.593,106.90975,0.5447500000000001,-10.8985,0.6995,4.0,191.21587559674538,229.1086803262962,231.22695162110463,0.4793260536320918,0.4662081958798578,44.493733233696545
1967-03-01,184.75855555555555,3.0793092592592592,0.4589259259259259,0.3146666666666667,117.97929629629628,0.653962962962963,-13.429666666666666,0.3611481481481481,27.0,192.43507221983904,228.99964483246902,231.09396817203057,0.4756483121651347,0.46979497874115045,44.06171780743557
1967-04-01,184.01927777777777,3.066987962962963,0.49696296296296294,0.4205833333333333,116.70789814814813,0.46183148148148145,-10.643083333333333,0.44582407407407404,14.5,193.85650706984742,229.15585625222215,231.74801169054908,0.47560110809832273,0.46544445991538647,43.435940539637734
1967-05-01,183.28,3.054666666666667,0.535,0.5265,115.4365,0.2697,-7.8565000000000005,0.5305,2.0,195.48018014677052,226.59161261796288,231.6846634618856,0.4791844414316561,0.45315663940256606,42.56554118155643
1967-06-01,178.49466666666666,2.974911111111111,0.45813333333333334,0.4567333333333333,114.29723333333332,0.44543333333333335,-9.6697,0.4779333333333333,4.666666666666666,193.2508547499451,221.1945234975925,230.83648922678097,0.4779217430189577,0.46167548860891533,42.707849848690216
1967-07-01,173.70933333333335,2.8951555555555557,0.38126666666666664,0.3869666666666667,113.15796666666667,0.6211666666666668,-11.482899999999999,0.42536666666666667,7.333333333333333,191.02977383207067,218.64679143740733,229.20348898523508,0.473621501473064,0.4685708630050505,42.99647423626598
1967-08-01,168.924,2.8154,0.3044,0.3172,112.0187,0.7969,-13.2961,0.3728,10.0,191.10107591540404,218.9484164374073,227.87178815080378,0.455821501473064,0.5253126338383839,42.95562526057128
1967-09-01,233.01116666666667,3.883519444444444,0.5859166666666666,0.5121666666666667,117.40108333333335,0.21456416666666667,-11.407416666666668,0.6686666666666667,12.0,185.14655192550504,220.28446967814807,227.98926172348718,0.46609486005892253,0.5132414659090909,28.24654484106174
1967-10-01,199.20000000000002,3.32,0.49066666666666664,0.5578333333333333,112.95216666666666,0.3249666666666667,-10.366833333333334,0.5631666666666667,6.0,182.77675752314815,220.45843373043564,227.92427081439624,0.4674919560185185,0.5017138564814815,25.40788189917783
1967-11-01,269.4065,4.490108333333334,0.349,0.06805,73.05199999999999,0.962,-18.4405,0.1275,2.0,192.65983159722222,223.26460271191712,229.0092094507599,0.4561447337962963,0.5346157083333334,33.59095804022479
1967-12-01,169.0418125,2.8173635416666665,0.54325,0.33575,119.261,0.66875,-13.2379375,0.46599999999999997,16.0,191.4936606867284,222.9840014143167,228.3396125271057,0.46151608796296295,0.5434756805555555,34.19296537203686
1968-01-01,221.98190453074434,3.699698408845739,0.4978624595469256,0.45446423948220066,115.71611974110033,0.4947612637540453,-11.903383495145631,0.5772849514563106,618.0,192.05364308589537,223.87509593571065,228.47055970227947,0.4636362234807623,0.5382322117943186,34.66931874393668
1968-02-01,232.61454545454546,3.876909090909091,0.4273636363636364,0.4913636363636364,97.58309090909091,0.4631181818181819,-9.354272727272727,0.5350909090909091,11.0,199.87014687377416,217.08862844833686,228.63937493353944,0.46072902651106534,0.5314295602791671,32.05024308981044
1968-03-01,389.92216666666667,6.498702777777777,0.453,0.46,120.16199999999999,0.20655,-11.052833333333334,0.2744666666666667,6.0,216.96711446636675,223.28906144053963,230.94923436898702,0.4602351993505715,0.4941451466989202,63.0174098080828
1968-04-01,313.15999999999997,5.219333333333333,0.4774444444444445,0.4376666666666667,126.25288888888889,0.29636666666666667,-11.657555555555556,0.4303111111111111,5.0,227.72884131821857,222.47529722676444,231.4989748773091,0.458608656140695,0.48035641213101893,67.72999029229662
1968-05-01,236.39783333333332,3.9399638888888884,0.5018888888888889,0.41533333333333333,132.3437777777778,0.3861833333333333,-12.262277777777777,0.5861555555555555,4.0,232.15532742932973,214.64733580701136,230.2885964585057,0.4558493968814357,0.49006335657546335,66.28121495256138
1968-06-01,159.63566666666665,2.660594444444444,0.5263333333333334,0.393,138.4346666666667,0.476,-12.866999999999999,0.742,3.0,230.58374409599637,207.5571572061883,229.10617599910398,0.4615327302147691,0.49261057879768555,67.87367290182745
1968-07-01,200.39988333333332,3.3399980555555553,0.4617166666666667,0.4878,130.66838333333334,0.430575,-11.564350000000001,0.5895,6.5,232.8079565959964,204.46938318355456,229.91048655465957,0.4682368968814357,0.4767279399087967,66.25857858765757
1968-08-01,241.16410000000002,4.019401666666667,0.3971,0.5826,122.90209999999999,0.38515,-10.261700000000001,0.437,10.0,238.8279649293297,205.38401373911012,230.7773286253666,0.4759618968814357,0.4424154399087967,63.13475546166955
1968-09-01,168.26216666666667,2.8043694444444447,0.5141666666666667,0.606,144.7675,0.3006666666666667,-11.8885,0.7186666666666667,6.0,233.4322149293297,204.69744336873973,230.28895164123963,0.46998273021476905,0.4495906482421301,66.36147441024755
1968-10-01,157.88415384615385,2.6314025641025642,0.5356153846153846,0.3089769230769231,119.19115384615384,0.6609838461538462,-18.69192307692308,0.5240230769230769,13.0,229.9892277498425,204.146447642244,225.78085628867555,0.47372845671049557,0.4775920798660617,69.30545906004774
1968-11-01,402.1210833333334,6.7020180555555555,0.39283333333333337,0.29150000000000004,119.992,0.6628333333333334,-16.974166666666665,0.38666666666666666,12.0,241.04877636095364,208.8101652348366,226.59451662874287,0.47738123448827335,0.4526615243105061,84.98320913299055
1968-12-01,235.88270833333334,3.9313784722222223,0.41241666666666665,0.47929166666666667,115.107625,0.30052120833333335,-11.776166666666667,0.3942375,24.0,246.61885101373142,210.58064003896766,225.88867758665532,0.4664784567104956,0.4219757916716173,81.97171397650241
1969-01-01,248.73026363636362,4.145504393939394,0.49318145454545453,0.4860428363636363,118.60337454545454,0.4475678869090909,-12.549245454545455,0.5812327272727272,550.0,248.84788093919965,211.99993783690977,226.6481046674634,0.46608837296037303,0.418043010267871,81.60371919613299
1969-02-01,224.0451318181818,3.7340855303030303,0.4431573939393939,0.4481447515151515,112.38485393939393,0.5430839434545455,-11.035822727272727,0.5041163636363636,282.5,248.13376313616936,213.07326186889628,227.06599019776644,0.4674045194250194,0.424706823737568,81.79596148355877
1969-03-01,199.36,3.322666666666667,0.39313333333333333,0.41024666666666665,106.16633333333333,0.6386000000000001,-9.522400000000001,0.427,15.0,232.25358258061382,213.88525642227322,227.24392630887755,0.4624156305361306,0.46071099040423463,69.31164105704677
1969-04-01,220.137,3.6689500000000006,0.4511818181818182,0.2369090909090909,112.91081818181819,0.703,-14.806363636363637,0.3921818181818182,11.0,224.50166591394716,215.36233810067105,227.93961519776641,0.46022707834757837,0.4945971015153458,64.47338851730679
1969-05-01,220.846875,3.6807812500000003,0.4154659090909091,0.5460795454545455,117.40590909090909,0.490125,-11.640681818181818,0.4897159090909091,7.5,223.2057527195027,216.94708676520096,227.02718360054422,0.45302516336441334,0.5032589070709014,64.36874036730141
1969-06-01,221.55675,3.6926125,0.37975000000000003,0.8552500000000001,121.901,0.27725,-8.475,0.58725,4.0,228.3658429972805,217.400147281074,224.50663151721088,0.4408098855866356,0.4866964070709014,61.21402623753787
1969-07-01,217.90187500000002,3.631697916666667,0.359875,0.49487500000000006,111.19399999999999,0.532375,-13.000499999999999,0.40287500000000004,3.0,229.82434230283604,217.8873575769677,223.71453464221088,0.43232308003108,0.4951797404042347,60.69341747589843
1969-08-01,214.247,3.5707833333333334,0.33999999999999997,0.1345,100.487,0.7875000000000001,-17.526,0.2185,2.0,227.58125063616936,219.17009716030103,224.6508929755442,0.42756474669774663,0.5287089070709013,60.73361068845813
1969-09-01,209.46819999999997,3.4911366666666668,0.5282,0.19239,111.7317,0.8034000000000001,-18.1297,0.5252,10.0,231.01508674728052,216.5312845340384,225.06014214221088,0.42873419114219113,0.5706033515153458,58.18631536627599
1969-10-01,216.43529272559852,3.607254878759975,0.5222190607734807,0.2646892311233886,112.56950750460405,0.7195052320902395,-16.7329476519337,0.5381963627992634,143.25,235.8943483205676,216.22011119785276,225.4517754523434,0.4276178308220325,0.5754801336767119,53.78481619096925
1969-11-01,223.40238545119703,3.723373090853284,0.5162381215469614,0.3369884622467772,113.4073150092081,0.635610464180479,-15.336195303867402,0.5511927255985267,276.5,221.00112349705623,218.236577151744,226.36874159875225,0.43790156317316814,0.5732115612473073,12.372605131946013
1969-12-01,230.36947817679555,3.839491302946593,0.5102571823204419,0.4092876933701658,114.24512251381216,0.5517156962707183,-13.939442955801104,0.56418908839779,409.75,220.54168765067803,219.5513997837126,227.2225085814719,0.4460549394776494,0.5941444352420894,11.861574561523765
1970-01-01,237.3365709023941,3.9556095150399013,0.5042762430939226,0.4815869244935544,115.0829300184162,0.4678209283609577,-12.542690607734805,0.5771854511970534,543.0,219.5922132561806,220.16457909375856,228.01307640050243,0.4469795051900218,0.5958321886964116,9.64987390258077
1970-02-01,244.47105555555555,4.074517592592593,0.5926851851851852,0.43426481481481477,106.78011111111111,0.38711111111111113,-13.792333333333332,0.629462962962963,54.0,221.29437356762836,223.09942785919063,224.1388044097617,0.4594401544605043,0.5828344526677921,12.017717388088906
1970-03-01,209.83533333333332,3.497255555555556,0.35799999999999993,0.5046666666666667,137.14633333333333,0.09823333333333334,-13.485,0.5083333333333333,3.0,222.16731801207285,223.79600501968446,224.8576169828611,0.4565123766827266,0.5378038971122366,10.573248054619173
1970-04-01,653.2964444444444,10.888274074074074,0.49,0.5186666666666667,116.91144444444444,0.3338888888888889,-10.219222222222221,0.45493333333333336,9.0,258.2639383824432,236.8314818715363,230.03829919533672,0.459747225167575,0.5070446378529774,124.84985118854756
1970-05-01,441.14155555555556,7.352359259259259,0.4751666666666666,0.5528333333333334,125.09288888888888,0.21934944444444446,-10.319777777777777,0.5394666666666666,6.0,276.6218284287395,243.99430285919067,228.75391771385523,0.46472228829888823,0.48448000822334775,134.6586186915753
1970-06-01,228.98666666666668,3.8164444444444445,0.4603333333333333,0.5870000000000001,133.27433333333332,0.10481,-10.420333333333334,0.624,3.0,277.24098815096175,245.39685841474622,225.65566055336143,0.4714375660766659,0.47011000822334764,134.3992440914044
1970-07-01,223.0056111111111,3.7167601851851853,0.45005555555555554,0.5403333333333333,122.78713888888888,0.28387333333333337,-11.676805555555555,0.6136666666666667,3.3333333333333335,277.66629949355433,246.76619946412887,224.1797582694108,0.4789526123729623,0.4494015360011255,134.20232352412205
1970-08-01,217.02455555555557,3.617075925925926,0.43977777777777777,0.4936666666666667,112.29994444444444,0.4629366666666667,-12.933277777777779,0.6033333333333333,3.6666666666666665,277.8977624565173,248.10232600733877,224.3262108620034,0.4872674271877771,0.42235459155668104,134.08534279953412
1970-09-01,211.0435,3.5173916666666667,0.4295,0.447,101.81275,0.642,-14.18975,0.593,4.0,278.0290374565173,247.4921130443758,224.6272908620034,0.4790424271877771,0.4089045915566811,134.0130086234716
1970-10-01,254.0742857142857,4.234571428571429,0.347,0.4187142857142857,134.6577142857143,0.7504285714285714,-12.743571428571428,0.4615714285714286,7.0,281.1656202055745,249.01639875866158,225.89986229057482,0.464440838789987,0.411481536501542,132.87599626186525
1970-11-01,225.667,3.7611166666666667,0.334,0.24,94.254,0.662,-14.5,0.37,1.0,281.3543380846415,247.80141264755042,225.75719145724148,0.44925432866107357,0.4136806644865021,132.78807873333503
1970-12-01,435.8562,7.264269999999999,0.47840000000000005,0.29092,109.69199999999998,0.5076799999999999,-14.308600000000002,0.49380000000000007,5.0,298.4782315699085,255.21292341143933,230.1523678674979,0.4465995634677034,0.4100110231306089,138.7319354494148
1971-01-01,246.89888535911604,4.114981422651933,0.5119267955801104,0.4583665883977901,117.64789226519336,0.47864963273480665,-12.676850828729282,0.5629701657458563,724.0,299.27509110796865,255.90506176778297,230.9734235749757,0.44723710950821904,0.41091341516176305,138.3758240556286
1971-02-01,244.733,4.078883333333334,0.4285,0.5740000000000001,136.96949999999998,0.07295,-12.4795,0.716,2.0,299.29691981167235,256.24168550515674,231.96221579719796,0.433555010742787,0.3847333225691704,138.3664131557646
1971-03-01,191.58139999999997,3.1930233333333335,0.3618,0.19714,91.765,0.7792,-17.200200000000002,0.3006,5.0,297.77575870056125,250.732219764416,232.31976919589073,0.4338716774094536,0.4414805447913926,139.5347456778077
1971-04-01,200.4854333333333,3.341423888888889,0.3977,0.38026,105.11866666666667,0.5863666666666667,-14.723633333333336,0.4599,4.0,260.04150777463536,247.6023706903419,232.87849209181834,0.42618001074278705,0.46252035960620735,85.36199008716133
1971-05-01,209.38946666666666,3.489824444444445,0.43360000000000004,0.56338,118.47233333333332,0.39353333333333335,-12.247066666666669,0.6192,3.0,240.72883370056124,246.8521382829345,233.63838448498075,0.4227161218538981,0.47703568368028154,64.27640049851604
1971-06-01,218.2935,3.6382250000000003,0.46950000000000003,0.7464999999999999,131.826,0.2007,-9.7705,0.7785,2.0,239.83773647833902,248.48152254219374,233.85583329450455,0.423480010742787,0.4850265170136148,64.52761870420801
1971-07-01,440.0666666666667,7.334444444444445,0.4338888888888889,0.7064444444444445,117.07566666666668,0.15639,-10.222888888888889,0.6137777777777778,9.0,257.9261577746353,255.13893319034185,237.85090599981856,0.42213278852056474,0.47440290590250367,86.1731668592473
1971-08-01,252.39614285714285,4.206602380952381,0.4685714285714286,0.3871428571428571,111.83185714285715,0.562,-10.544714285714287,0.45285714285714285,7.0,260.8737900497676,255.45093438081807,239.2563687974376,0.42453225942003564,0.4826581836802815,85.24688163884272
1971-09-01,237.827,3.963783333333333,0.335,0.262,68.82,0.548,-13.832,0.203,1.0,263.10574838310094,257.3832908622996,238.1457278883467,0.4166572594200357,0.47482485034694816,84.16739607891186
1971-10-01,377.33299999999997,6.288883333333334,0.5425,0.475,92.737,0.48450000000000004,-10.902000000000001,0.7729999999999999,2.0,273.37730790691046,263.47909214435083,240.64065234120866,0.4329489260867023,0.45266413606123396,90.26521260009649
1971-11-01,239.23,3.9871666666666665,0.4435,0.318,137.1505,0.754,-14.29325,0.47775,4.0,274.50755790691045,258.954339829536,242.1143254893568,0.4420739260867023,0.46033080272790056,89.69662517169849
1971-12-01,179.25324999999998,2.9875541666666665,0.41600000000000004,0.296,83.4335,0.71325,-13.74675,0.38975,4.0,253.1239787402438,257.38129932027675,242.051281932258,0.43687392608670234,0.477461636061234,77.49090246481698
1972-01-01,239.86067211201865,3.9976778685336445,0.5289474912485415,0.496885227537923,119.89149708284715,0.4698434868144691,-11.93282147024504,0.5952089848308052,857.0,252.53746096965233,257.13492177793387,242.46125787177934,0.43829231739240493,0.4767277905678724,77.5688990457677
1972-02-01,227.28667075068066,3.7881111791780113,0.5557106184364061,0.4934972539867756,122.8689561454687,0.5037992817775185,-11.874782769350446,0.6284067386231039,643.5,251.08360019887573,257.2249645260588,243.935760717624,0.44889320226210544,0.5126318973826657,77.89130150575431
1972-03-01,214.71266938934264,3.578544489822378,0.5824737456242708,0.4901092804356282,125.84641520809024,0.5377550767405679,-11.816744068455852,0.6616044924154026,430.0,253.01120598132096,257.65142756465167,244.4349959481871,0.467282681064128,0.49251148711104636,76.55974978803876
1972-04-01,202.13866802800464,3.3689778004667446,0.6092368728121353,0.4867213068844808,128.8238742707118,0.5717108717036172,-11.758705367561259,0.6948022462077014,216.5,253.14897553921023,257.1514738987629,244.7369857856909,0.48491075379847254,0.4912901708641256,76.45805666793494
1972-05-01,189.56466666666665,3.1594111111111114,0.636,0.48333333333333334,131.80133333333333,0.6056666666666667,-11.700666666666665,0.7280000000000001,3.0,251.49690887254357,256.2825236672814,244.84173023013537,0.5017774204651392,0.5089679486419033,77.69374407399405
1972-06-01,273.25183333333337,4.554197222222222,0.5841428571428571,0.5105952380952381,126.64295238095238,0.5092619047619048,-11.07947619047619,0.7057142857142857,5.0,256.0767699836547,257.71849820431845,246.42101634124646,0.5113309918937107,0.5346814407053954,77.17666003430679
1972-07-01,356.939,5.948983333333333,0.5322857142857143,0.5378571428571429,121.48457142857144,0.41285714285714287,-10.458285714285713,0.6834285714285714,7.0,249.14946442809912,261.5806405654296,249.47484411902423,0.5195307273434461,0.5560537026101573,61.24738362492427
1972-08-01,362.1075833333333,6.035126388888888,0.5136309523809524,0.5516428571428572,116.82401190476192,0.4173011904761905,-10.459130952380951,0.6420714285714285,6.0,258.29208446778165,265.68787899135555,252.69457050791314,0.5232856876609064,0.5439954684831732,69.41941547997303
1972-09-01,367.27616666666665,6.121269444444444,0.49497619047619046,0.5654285714285714,112.16345238095238,0.4217452380952381,-10.45997619047619,0.6007142857142856,5.0,269.0795150233372,270.0714336209851,254.93232050791312,0.5366170368672557,0.533474238324443,75.72191606371354
1972-10-01,372.44475,6.2074125,0.47632142857142856,0.5792142857142857,107.50289285714285,0.4261892857142857,-10.460821428571428,0.5593571428571428,4.0,268.6721608566706,274.4050296563852,257.81973300791316,0.5311021559148748,0.5286150121339668,75.09718421010072
1972-11-01,377.6133333333333,6.293555555555556,0.45766666666666667,0.593,102.84233333333333,0.43063333333333337,-10.461666666666666,0.5179999999999999,3.0,280.204105301115,278.68866709755565,259.62318023013535,0.5322827114704303,0.5016677899117445,80.58928823010626
1972-12-01,312.8000694205393,5.213334490342322,0.48429873780837635,0.559765817555938,112.03650315547905,0.4234888745840505,-10.950012335054502,0.5581344234079173,292.0,291.33300691949324,280.9784057432152,262.019151178811,0.5379742729544615,0.47752102946041547,74.36162220579797
1973-01-01,247.98680550774526,4.133113425129088,0.510930808950086,0.5265316351118761,121.23067297762478,0.41634441583476767,-11.43835800344234,0.5982688468158348,581.0,292.01018470247044,281.2742455933638,262.45256619509433,0.5364728827629237,0.4730627735454403,73.88575241987029
1973-02-01,209.36,3.4893333333333336,0.502,0.646,118.916,0.0384,-12.656,0.888,1.0,290.5162954732471,280.29893849459836,262.0649904375186,0.5319969978932232,0.4342795000639805,75.47744264461869
1973-03-01,239.65177777777777,3.9941962962962965,0.5091111111111111,0.608,124.96566666666666,0.11727777777777776,-12.578666666666667,0.7567777777777778,1.6666666666666665,292.59455450561666,281.12717306249965,259.5604839560371,0.5258834450171265,0.39923972515041467,73.51837577067847
1973-04-01,269.9435555555555,4.499059259259259,0.5162222222222222,0.5700000000000001,131.01533333333333,0.19615555555555553,-12.501333333333333,0.6255555555555556,2.333333333333333,298.24496179957924,270.4784817044749,258.84020988196306,0.5181322241346338,0.36794344880474283,68.35877443145667
1973-05-01,300.2353333333333,5.003922222222222,0.5233333333333333,0.532,137.065,0.2750333333333333,-12.424,0.49433333333333335,3.0,307.4675173551348,266.5644199760799,259.90416821529635,0.5087433352457449,0.340390671026965,59.2176502530669
1973-06-01,308.2890972222222,5.13815162037037,0.5462638888888889,0.501625,130.20045833333333,0.3567722222222222,-11.630541666666666,0.5208055555555555,4.666666666666667,310.38728934587556,268.76726526928974,262.3817253912223,0.5055867545579141,0.32768319748199143,58.23283379917315
1973-07-01,316.34286111111106,5.2723810185185185,0.5691944444444444,0.47125,123.33591666666666,0.4385111111111111,-10.837083333333334,0.5472777777777778,6.333333333333334,307.00427777180147,271.3599666581787,264.31410835418524,0.5086624820711417,0.3298210281698221,56.43400177327422
1973-08-01,324.396625,5.406610416666666,0.592125,0.440875,116.471375,0.52025,-10.043625,0.57375,8.0,303.86169791069034,274.3425241427465,265.70131710418525,0.5152036527060623,0.3384000956301396,54.08778376415869
1973-09-01,270.84,4.514,0.56,0.6856666666666666,108.14083333333333,0.20710833333333334,-10.907333333333334,0.5151666666666667,6.0,295.8253506884681,276.00353803163546,267.4109476597408,0.5206223034997132,0.3205136868999809,50.878120894126724
1973-10-01,283.7068333333333,4.728447222222222,0.5378333333333334,0.5973333333333333,115.96458333333334,0.22043194444444442,-11.347888888888889,0.5553055555555555,7.5,288.43052429957925,276.82666435438676,269.50799231786044,0.5257482955632052,0.3033672417941608,44.81734614172206
1973-11-01,296.57366666666667,4.942894444444445,0.5156666666666667,0.5089999999999999,123.78833333333334,0.23375555555555552,-11.788444444444444,0.5954444444444444,9.0,281.6772187440237,278.7962939840164,267.74886870674936,0.5305816288965385,0.28696076031267925,35.23942959036282
1973-12-01,273.6752651515152,4.561254419191919,0.5310152272727273,0.5083306363636364,122.17331818181819,0.33488375845959595,-11.871518434343434,0.6026882070707071,334.5,278.4168183882717,274.2912680160029,268.3787446537191,0.5344746696852345,0.2795770006356414,33.88191831762195
1974-01-01,250.77686363636366,4.179614393939394,0.5463637878787879,0.5076612727272728,120.55830303030302,0.4360119613636364,-11.954592424242424,0.6099319696969697,660.0,278.64932323232324,274.39898963481534,268.4128546537191,0.5374274179292929,0.2812159627630471,33.66298343399345
1974-02-01,274.04423076923075,4.567403846153846,0.529,0.41723076923076924,123.74838461538462,0.6135384615384616,-9.598384615384616,0.4582307692307692,13.0,284.0396757964258,275.21319048951614,269.24617296956984,0.539677417929293,0.3291441678912523,25.8257918014087
1974-03-01,246.79173717948717,4.11319561965812,0.4901666666666667,0.5171538461538462,131.21408974358974,0.5171089743589744,-9.74675641025641,0.5381538461538461,10.0,284.6346724132349,276.7468109667242,270.03670192256135,0.5380987142255892,0.36246343427301864,24.770880875583718
1974-04-01,219.53924358974356,3.658987393162393,0.4513333333333333,0.6170769230769231,138.67979487179488,0.4206794871794872,-9.895128205128206,0.6180769230769231,7.0,280.4343130827506,277.2760834738467,270.0267393157237,0.5326913068181819,0.38117376190834623,30.983032966744254
1974-05-01,192.28674999999998,3.2047791666666665,0.4125,0.717,146.1455,0.32425000000000004,-10.0435,0.698,4.0,271.43859780497274,276.80100801088366,269.55073723239036,0.5234551957070707,0.3852751507972352,39.27324951733502
1974-06-01,195.56554166666666,3.2594256944444444,0.5573333333333333,0.58075,126.66375,0.44962500000000005,-11.46275,0.718,5.0,262.0449681753432,276.1696758349578,269.1175504268348,0.5243776494107745,0.39301288227871667,42.96525807207648
1974-07-01,198.84433333333334,3.3140722222222223,0.7021666666666667,0.44449999999999995,107.182,0.5750000000000001,-12.882,0.738,6.0,252.25342419386166,269.4690554645874,268.79992473239037,0.5354586679292929,0.4043869563527907,42.8546321648972
1974-08-01,260.39116666666666,4.339852777777778,0.5708186274509804,0.46675,111.99626470588235,0.47991294117647065,-13.111794117647058,0.622064705882353,11.5,246.91963599941724,269.69113945929644,269.56899417683485,0.5336831368835414,0.4010255347841633,36.583533739841904
1974-09-01,321.938,5.365633333333333,0.4394705882352941,0.48900000000000005,116.8105294117647,0.3848258823529412,-13.341588235294118,0.5061294117647059,17.0,251.17780266608392,272.0275561259631,271.4434908435015,0.5236390192364825,0.4158353305357973,42.16837642433211
1974-10-01,182.267,3.037783333333333,0.535,0.862,81.214,0.756,-10.038,0.567,1.0,242.72448322163947,266.6090561259631,270.8740192980748,0.5234029081253714,0.46046600183209363,45.11898335137797
1974-11-01,239.64077777777777,3.9940129629629633,0.47433333333333333,0.6825555555555556,121.22538888888887,0.20930277777777778,-11.947388888888888,0.5935555555555555,18.0,237.98007581423204,266.62046661979025,271.1446591701845,0.519958463680927,0.4584282703506121,41.81410278306498
1974-12-01,243.85070726804952,4.064178454467492,0.5029502411963338,0.6016875172857372,119.8870229538511,0.31684227137803506,-11.773876065283808,0.5805312510049847,354.5,235.49469599060993,268.41484043279166,271.36934632170545,0.5176197148412275,0.45692481309381533,40.36065086927884
1975-01-01,248.06063675832127,4.134343945972021,0.5315671490593343,0.520819479015919,118.54865701881332,0.42438176497829233,-11.600363241678727,0.5675069464544139,691.0,235.26834375077306,268.6426172285222,271.54808075263753,0.516386661606273,0.45595563006170337,40.27467839710993
1975-02-01,259.81033333333335,4.330172222222222,0.4687777777777778,0.5257777777777778,115.339,0.49277777777777776,-13.80177777777778,0.7236666666666667,9.0,234.08218563111495,269.5460523002626,271.8037353822672,0.5113681430877545,0.445892239748313,39.22476386797377
1975-03-01,237.861,3.9643499999999996,0.45595833333333335,0.48220833333333335,118.07050000000001,0.5162083333333334,-13.147708333333334,0.660875,7.25,233.33795753282433,270.189061483892,272.27082982671163,0.50851744864331,0.4458171863295097,39.046014041020946
1975-04-01,215.91166666666666,3.5985277777777775,0.44313888888888886,0.4386388888888889,120.802,0.5396388888888889,-12.49363888888889,0.5980833333333333,5.5,233.03565945590128,270.5716447794104,264.98108353041533,0.5078345782729397,0.45573046980529314,39.17638183993106
1975-05-01,193.96233333333333,3.2327055555555555,0.4303194444444444,0.3950694444444445,123.5335,0.5630694444444444,-11.839569444444447,0.5352916666666667,3.75,233.1752914003457,270.6938021868178,260.8614298267116,0.5093195319766434,0.4756320901756635,39.020618165535
1975-06-01,172.01299999999998,2.866883333333333,0.4175,0.35150000000000003,126.26500000000001,0.5865,-11.185500000000001,0.47250000000000003,2.0,231.21257959479018,267.88161237200296,259.9118687156005,0.4976667541988656,0.4870383401756635,41.59195816605561
1975-07-01,188.24974999999998,3.137495833333333,0.39325,0.3207375,130.12620833333335,0.6588333333333334,-12.288375,0.44420833333333337,4.0,230.3296976503457,263.1957998720029,259.33260436374866,0.47192369864331,0.4940244512867746,42.445203625991695
1975-08-01,204.4865,3.4081083333333333,0.369,0.28997500000000004,133.98741666666666,0.7311666666666666,-13.391250000000001,0.41591666666666666,6.0,225.67097542812348,258.81743644607707,259.1236367711561,0.4551054796890617,0.5149622617442909,41.910383885598534
1975-09-01,220.72325,3.678720833333333,0.34475,0.2592125,137.848625,0.8035,-14.494125,0.387625,8.0,217.2364129281235,254.74652209422518,259.28496593782273,0.44721209733612044,0.5498517715482124,28.958780869639277
1975-10-01,228.4333333333333,3.8072222222222223,0.45,0.29133333333333333,116.60583333333334,0.5011666666666666,-16.305666666666667,0.30616666666666664,6.0,221.08360737256794,250.74620496459556,258.8576167314735,0.4401287640027871,0.5286156604371014,26.882946958512616
1975-11-01,240.00809245815688,4.000134874302614,0.48347102238354506,0.37076129965718896,117.67432839282114,0.46158408034886067,-14.771891510385158,0.4052940814680379,371.3333333333333,221.11421692926618,246.9238371625073,259.0966349391095,0.4408902380903048,0.5496391023180249,26.906196528416302
1975-12-01,251.58285158298042,4.193047526383007,0.5169420447670902,0.4501892659810446,118.74282345230894,0.42200149403105464,-13.23811635410365,0.5044214962694091,736.6666666666666,221.75856228884376,245.22335888924175,256.0254124654925,0.4420562217212012,0.5584023708724433,27.584226489575833
1976-01-01,263.157610707804,4.3859601784633995,0.5504130671506352,0.5296172323049002,119.81131851179674,0.38241890771324866,-11.70434119782214,0.6035489110707805,1102.0,223.01664345130064,245.64477014479897,256.2963912213039,0.4436267148954762,0.5549054661003563,29.190399933994343
1976-02-01,277.5062459016394,4.625104098360656,0.4647540983606558,0.5111475409836066,120.8084918032787,0.28863280655737705,-11.497868852459016,0.5120459016393443,61.0,224.4913028319928,247.53772141984453,256.8426119863313,0.4432914082773827,0.5378933851653228,31.568280466840154
1976-03-01,293.1393962264151,4.885656603773585,0.5147830188679245,0.6119698113207547,120.53943396226416,0.3725559433962264,-11.517349056603774,0.6062386792452831,106.0,229.09783585086075,249.02348859897333,258.53524525677153,0.44819346540526533,0.525922352670564,37.22326962196181
1976-04-01,228.42097014925372,3.807016169154229,0.5117238805970149,0.6860671641791045,135.94503731343283,0.18714289119402985,-7.174149253731343,0.6273582089552239,134.0,230.140277807743,247.87008344879828,259.0008375370369,0.4539088813809425,0.4965476861959923,36.994880089822885
1976-05-01,265.5877142857143,4.426461904761904,0.5118961038961038,0.5777025974025974,118.3307922077922,0.34420064935064937,-10.354220779220778,0.5217701298701298,77.0,236.10905955377476,246.90764958636439,259.9374749973543,0.46070693633524745,0.4783086199381761,36.400541331575695
1976-06-01,240.96858823529413,4.016143137254902,0.5880000000000001,0.5615294117647058,119.7425294117647,0.4209411764705882,-10.201411764705883,0.6195294117647059,17.0,241.85535857338257,245.03763544783865,260.3153931346092,0.4749152696685808,0.4645120513107251,30.292609721547183
1976-07-01,217.75986666666668,3.6293311111111115,0.6529333333333334,0.4898,120.72516666666667,0.218302,-12.030933333333333,0.5716666666666667,30.0,244.3145349622715,242.29921893549297,256.6102798012759,0.4965555474463586,0.42780110686628064,26.50647454135341
1976-08-01,253.0819655172414,4.21803275862069,0.5683793103448276,0.49691724137931037,116.7836551724138,0.5022858620689655,-11.342137931034484,0.6648620689655172,29.0,248.36415708870825,240.31825617208298,256.62171017894417,0.5131704899750942,0.40872770648313894,23.398382453616378
1976-09-01,278.27262406015035,4.637877067669172,0.5260676691729324,0.580512030075188,119.87982706766917,0.3479320360902256,-10.95766917293233,0.5623917293233083,133.0,253.15993826038746,240.52471795153164,257.29580391328005,0.5282802957395053,0.37076370949065773,23.114005520538516
1976-10-01,301.18311111111115,5.019718518518519,0.48933333333333334,0.6107083333333334,122.30306944444445,0.2920928263888889,-10.249583333333334,0.5439055555555555,72.0,259.222419741869,241.01017011202546,256.02663909846524,0.531558073517283,0.3533408894675096,25.46049653538251
1976-11-01,244.8975842696629,4.081626404494382,0.5609662921348315,0.5579887640449438,119.83893258426967,0.4755684269662921,-11.024797752808988,0.5703404494382023,89.0,259.6298773928278,239.5747233787753,256.12109883629296,0.5380160126632235,0.3545062516856288,25.16242508836384
1976-12-01,263.16244520547946,4.386040753424657,0.44940342465753425,0.5731164383561643,122.14649999999999,0.3799058102739726,-10.095520547945204,0.4919095890410959,146.0,260.59484352803605,239.2827006024966,257.51958542305096,0.5323877943207606,0.35099827803920536,25.047544780539017
1977-01-01,264.1008627264061,4.401681045440102,0.5457828408007627,0.5296342497616777,118.87613441372736,0.36225726108674927,-11.598063870352718,0.5866420400381316,1049.0,260.67344786291955,239.6528116883311,257.9235885999574,0.5320019421249379,0.34931814082033036,25.057796366451907
1977-02-01,248.00294152046783,4.1333823586744645,0.5168362573099415,0.5716099415204678,126.73507602339181,0.3336964901754386,-10.974111111111112,0.5620953216374269,171.0,258.2148391644886,238.92944254253214,258.26885977945386,0.5363421220373784,0.3530734477885022,24.70091331867944
1977-03-01,286.6683064516129,4.777805107526882,0.5081612903225806,0.6215112903225807,129.2249677419355,0.2307019193548387,-8.86291935483871,0.5062096774193549,62.0,257.6755816832551,240.03712502231338,259.4681203971584,0.5357903113252663,0.34125227911838657,23.927678604990593
1977-04-01,253.04615384615383,4.217435897435897,0.5029615384615385,0.6785115384615386,135.50996153846154,0.2790219230769231,-8.969692307692307,0.5809230769230769,26.0,259.7276803246634,240.96787252943588,260.3165784941275,0.53506011614731,0.3489088651086277,22.182994792788538
1977-05-01,243.91141025641025,4.065190170940171,0.4915128205128205,0.4974512820512821,121.85007692307693,0.3569269230769231,-12.454948717948717,0.5039307692307693,39.0,257.9213216555548,242.4018908698917,261.22235755395656,0.5333615091987031,0.3499693879191505,22.542075928634222
1977-06-01,234.38087671232876,3.90634794520548,0.5714109589041096,0.6228630136986302,125.69920547945205,0.2829731506849315,-10.461109589041095,0.6176972602739726,73.0,257.3723456953076,243.48009462116013,260.5745082769398,0.5319790891073788,0.3384720524370124,23.066579407806167
1977-07-01,221.43655737704918,3.6906092896174862,0.5637540983606558,0.5419836065573771,120.46632786885246,0.38398868852459017,-10.607934426229509,0.6299278688524591,61.0,257.6787365878395,244.10765640015222,258.316134233224,0.524547486192989,0.35227927648072827,22.510288201488397
1977-08-01,252.01276363636362,4.200212727272727,0.5916181818181818,0.5902909090909091,118.17949090909092,0.3130943636363636,-9.458618181818183,0.6600727272727273,55.0,257.5896364310997,243.87492298264382,256.4812205716078,0.5264840588157685,0.3365133182780114,22.532242561213437
1977-09-01,238.8176179775281,3.9802936329588015,0.6005056179775281,0.5691573033707865,119.521797752809,0.25556113370786515,-10.749303370786517,0.6335370786516854,89.0,254.30171925754783,241.56602348201963,254.34024476012218,0.5326872212161515,0.32881574307948136,22.114576457184178
1977-10-01,259.809253164557,4.330154219409282,0.4741189873417721,0.6386955696202532,126.84799367088608,0.29039431645569624,-9.962449367088608,0.5085607594936709,158.0,250.85389776200168,243.71997495881286,252.46298647953145,0.531419359050188,0.32867420058504865,16.70442990106304
1977-11-01,239.09551898734176,3.9849253164556964,0.5292784810126583,0.6592195569620253,128.27648101265822,0.2683226689873418,-10.102398734177216,0.6741189873417722,158.0,250.37039232180825,243.70482888130073,250.1543562404316,0.5287787081233403,0.3114037207534695,16.97429669817874
1977-12-01,275.6037894736842,4.59339649122807,0.49391929824561404,0.564519298245614,125.60056140350878,0.3280955087719298,-11.932263157894736,0.6084824561403509,57.0,251.4071710108253,244.58685894256834,249.53441824131733,0.5324883642556802,0.30708619562829925,18.16485874784675
1978-01-01,247.37142054263566,4.122857009043927,0.5493929263565891,0.5470930910852713,120.0380726744186,0.3533182481589147,-11.26728488372093,0.6155641472868217,1032.0,250.0130508288444,244.56771404768818,249.52416182523217,0.5327892047186659,0.30634127788431303,17.739062305111982
1978-02-01,230.44127118644067,3.8406878531073447,0.49223728813559325,0.5745372881355932,121.3191186440678,0.31305705288135594,-10.584915254237288,0.5292372881355932,59.0,248.54957830100884,243.75190676583009,249.87551634500616,0.5307392906208035,0.3046213247764728,18.622397665600854
1978-03-01,262.6811046511628,4.378018410852714,0.5640116279069768,0.5386610465116278,118.58453488372093,0.2409218953488372,-11.503372093023255,0.6088732558139536,86.0,246.55064481763796,244.44135411725125,250.2593384595626,0.5353934854195032,0.30547298944263934,15.116049337429699
1978-04-01,249.61216101694916,4.160202683615819,0.5436101694915254,0.5617203389830508,116.11236440677966,0.3608493220338983,-10.190059322033898,0.5535372881355932,118.0,246.2644787485376,245.37747896031468,249.9204818839192,0.5387808713386687,0.3122919393557206,15.014063028790892
1978-05-01,246.12666129032257,4.102111021505376,0.5309516129032258,0.6417096774193548,121.80854838709678,0.2045040193548387,-8.436016129032259,0.5310483870967742,62.0,246.44908300136362,246.82648807023102,249.01867068320232,0.5420674373712026,0.2995900307122136,14.996108866571682
1978-06-01,263.2905230769231,4.388175384615384,0.5613538461538461,0.6021716153846154,117.16773846153846,0.32958692307692306,-9.253076923076923,0.6000123076923076,130.0,248.85822019841316,249.36197482236776,248.26869444744733,0.5412293446420139,0.30347451174487955,15.201857807793871
1978-07-01,231.37059615384618,3.8561766025641027,0.6286153846153847,0.5828461538461538,121.78178846153847,0.18030676923076921,-10.731903846153845,0.7060288461538462,52.0,249.6860567631462,250.5597761044191,246.85249003149292,0.546634451829908,0.2865010184703945,13.776485008860192
1978-08-01,268.73781249999996,4.478963541666666,0.559875,0.6087708333333334,125.81495833333334,0.26347831250000003,-10.417729166666666,0.5629020833333334,48.0,251.07981083511592,252.3445347849746,245.92484315649293,0.5439891866783928,0.28236634754236417,14.838378243957036
1978-09-01,255.45154545454545,4.257525757575757,0.5292272727272728,0.6763227272727274,129.8298484848485,0.18527309090909092,-8.546681818181819,0.635280303030303,66.0,252.4659714582007,253.309209658712,245.66836891406868,0.5380493245742048,0.2765090106424663,14.357910561613616
1978-10-01,290.9743120567376,4.849571867612293,0.4830425531914893,0.6533687943262412,132.76196453900707,0.18956731063829788,-10.541212765957447,0.5013609929078015,141.0,255.06305969921573,255.0464590676955,245.78949355945875,0.5387929550616813,0.26810676015768314,18.130024454937196
1978-11-01,227.1127044025157,3.7852117400419285,0.5439182389937107,0.5614320754716982,122.72147798742138,0.3232094716981132,-10.866981132075471,0.5648295597484277,159.0,254.0644918171469,254.6882538439276,244.63181085505622,0.5400129348934356,0.27268066038358074,19.376579126611162
1978-12-01,320.55593617021276,5.342598936170213,0.5515319148936171,0.5436382978723404,112.57934042553192,0.3852591489361702,-11.10063829787234,0.5970446808510638,47.0,257.81050404185766,256.6041728602397,245.41315537203454,0.5448139862807693,0.2774442970639341,26.830697383129493
1979-01-01,244.13125260170293,4.068854210028382,0.5720658467360453,0.5746718353831599,121.87017029328288,0.308293228448439,-11.037450331125827,0.6306750236518449,1057.0,257.5404900467799,256.075662912848,245.30239518812354,0.5467033963123906,0.2736922120880611,26.96128892873259
1979-02-01,304.66815094339626,5.0778025157232705,0.5870754716981131,0.5892320754716981,116.62703773584906,0.3001090886792453,-10.747226415094339,0.6023037735849057,53.0,263.72606335985955,256.83016027511894,245.81279385769298,0.5546065782759338,0.27261321507121855,28.641252924429637
1979-03-01,270.500140625,4.508335677083333,0.487515625,0.648990625,122.6384453125,0.28598842265625,-9.7662578125,0.5046375,128.0,264.37764969101266,256.2012920639686,246.20793391511816,0.5482319113670192,0.276368759013503,28.704191121001035
1979-04-01,311.3531627906977,5.189219379844961,0.6199534883720931,0.6444604651162791,133.0763488372093,0.22149406976744188,-10.783720930232558,0.678306976744186,43.0,269.5227331721583,258.50496408178645,247.73816590180073,0.5545938546070664,0.26475582132463166,31.238456826452865
1979-05-01,232.19021686746987,3.8698369477911645,0.5519036144578313,0.6485457831325302,133.18485542168676,0.25418792048192773,-8.837795180722892,0.5922216867469879,83.0,268.36136280358727,257.5772558201686,248.40322368292524,0.556339854736617,0.2688961464185557,32.42390848295805
1979-06-01,244.05641732283465,4.067606955380578,0.4951496062992126,0.6576574803149606,124.64485039370079,0.23073832677165354,-10.378472440944883,0.5397661417322835,127.0,266.75852065741327,257.663028850378,249.21140494386137,0.5508228347487308,0.26065876339311655,33.16432362750104
1979-07-01,280.170025,4.669500416666667,0.58165,0.670375,124.23385,0.1405863525,-10.33175,0.63645,40.0,270.8251397279261,259.39664435963726,250.5668331383058,0.5469090526974488,0.2573487286655525,31.374150533159664
1979-08-01,288.3474166666667,4.805790277777778,0.5921296296296297,0.6645814814814814,123.87705555555556,0.23684685185185186,-10.281916666666666,0.6602407407407407,108.0,272.45927340848164,260.3762402248991,251.0327706383058,0.5495969384999179,0.2551294402782068,31.763814572247494
1979-09-01,274.0026315789474,4.56671052631579,0.5268771929824562,0.6882105263157895,128.59224561403508,0.2251876649122807,-10.052175438596493,0.5951929824561404,57.0,274.00519725218174,260.2576293226434,250.23384783128824,0.5494010985211832,0.2584556547784726,31.30898746352428
1979-10-01,245.11783050847458,4.0852971751412435,0.5939774011299435,0.6113870056497176,122.04450282485875,0.25391798576271185,-10.517779661016949,0.6206435028248587,177.0,270.18382378982653,258.7002604170146,251.28136167309614,0.5586456691827211,0.26381821103884046,31.843472307197924
1979-11-01,236.29989655172415,3.9383316091954024,0.5373706896551724,0.5348844827586207,121.89135344827585,0.2683638362068966,-12.998948275862068,0.5743172413793104,116.0,270.9494231355939,258.46143575818303,251.2256803193286,0.5581000400711762,0.25924774141457235,30.80737737188971
1979-12-01,215.0619090909091,3.584365151515151,0.48863636363636365,0.2599090909090909,106.31681818181818,0.5539871818181819,-18.809727272727272,0.4836,11.0,262.1582542123186,257.1253097550005,250.74586701637628,0.5528587441330717,0.2733084108214067,30.41415905920468
1980-01-01,250.217662487946,4.1702943747990995,0.5609742526518805,0.5711571841851494,121.97215718418514,0.313457737608486,-11.093448408871746,0.6078492767598843,1037.0,262.6654550361722,256.73966530393216,250.78181744520333,0.551934444626058,0.27373878658474393,30.135677580531176
1980-02-01,229.12298648648647,3.8187164414414414,0.5588918918918918,0.6819324324324324,128.68493243243242,0.20926071459459458,-8.523445945945946,0.648445945945946,74.0,256.37002466476304,256.2152221085438,250.27036166442258,0.5495858129755395,0.2661680887443564,28.4045948680713
1980-03-01,246.07914999999997,4.101319166666666,0.48665,0.66989,127.16975,0.18536098,-10.0779125,0.517465,80.0,254.33494211267973,255.08774554044345,250.40733083108924,0.5495136775588728,0.2577824685230022,28.174092383868786
1980-04-01,236.96814864864865,3.9494691441441443,0.5848513513513514,0.5949082432432432,122.25082432432433,0.26999417297297296,-9.765648648648648,0.6096648648648649,74.0,248.1361909341756,254.6411342849572,250.75827219745557,0.546588499473811,0.2618241437901298,21.99381758185212
1980-05-01,258.2797065217391,4.304661775362319,0.6502934782608696,0.6218891304347826,125.67446739130435,0.2867609782608696,-11.073347826086957,0.7149565217391304,92.0,250.3103150720314,255.04025362566077,251.83022841726236,0.554787654790731,0.2645385652717083,21.559438263046065
1980-06-01,241.2701343283582,4.021168905472637,0.5668955223880597,0.6608805970149253,117.57331343283583,0.2468714776119403,-8.527567164179104,0.5857731343283582,67.0,250.07812482249167,255.23162189277275,252.98451398940168,0.5607664811314682,0.26588299450839886,21.647737323450315
1980-07-01,270.1875192307692,4.5031253205128206,0.5710192307692308,0.6402692307692307,129.57090384615384,0.20343998076923078,-9.81,0.6203653846153846,52.0,249.24624934172243,256.5858152775983,254.35014347658117,0.5598805836955708,0.27112079686416807,20.55022877303455
1980-08-01,289.688,4.828133333333333,0.5608484848484848,0.5933939393939394,128.2201818181818,0.2819248181818182,-9.809454545454544,0.5297575757575758,33.0,249.35796461950022,257.63234962103263,255.77016847658115,0.5572738216304753,0.27487729405833194,20.784423965508765
1980-09-01,244.38656153846154,4.073109358974359,0.5429692307692308,0.5680131538461539,116.82060769230769,0.3342833769230769,-11.331053846153846,0.5914230769230769,130.0,246.8899587827931,257.78704249772517,256.1645570022222,0.5586148247793732,0.28396860339256497,19.297144585498653
1980-10-01,262.774625,4.379577083333333,0.56351875,0.6441375,125.79266875,0.21536977937500001,-10.46173125,0.657888125,160.0,248.36135832375354,257.8694139375986,256.7369118633333,0.556076603851878,0.2807562528602557,19.815924871384254
1980-11-01,232.23036220472443,3.8705060367454065,0.5133913385826772,0.6516535433070867,120.72315748031497,0.22194902362204724,-9.440748031496062,0.504371653543307,127.0,248.02223046150354,257.6787151380815,256.6072830257761,0.5540783245958366,0.2768883518115182,20.07424796920933
1980-12-01,251.44935211267602,4.190822535211268,0.5213239436619719,0.6467929577464788,122.96991549295774,0.27817591408450704,-10.338478873239437,0.5544704225352112,71.0,251.0545173799841,257.0077585447201,256.6050580346043,0.5568022895979707,0.25390407950037863,17.182853391229948
1981-01-01,240.35037990196076,4.0058396650326795,0.5434464052287582,0.5747181290849673,122.27211683006536,0.3233167096732026,-11.566896241830065,0.5898428921568628,1224.0,250.23224383115203,256.81272963803474,256.2249375211737,0.5553416356460439,0.25472566050577167,17.460395665823857
1981-02-01,275.5855777777778,4.593092962962962,0.47877777777777775,0.6004488888888889,110.14466666666667,0.3406064,-11.3672,0.4890911111111111,45.0,254.10412643875964,258.0667381544608,256.19292638577593,0.5486654594698677,0.26567113428955547,17.505356796548046
1981-03-01,279.5830833333333,4.6597180555555555,0.6027805555555555,0.5109333333333334,113.4665,0.4409277777777778,-12.763861111111112,0.6487944444444445,36.0,256.8961208832041,258.5362375622988,255.96698783755792,0.5583430057661639,0.28696836743770365,18.737533756845377
1981-04-01,269.6601066666667,4.494335111111111,0.5608266666666666,0.5690786666666667,124.93752,0.35053134533333336,-11.123826666666668,0.572172,75.0,259.62045071803897,259.09312494145763,256.6543067795148,0.5563409487091069,0.2936797984677337,17.93619616937584
1981-05-01,280.8871612903226,4.681452688172043,0.5199032258064517,0.681108064516129,119.75870967741936,0.20619883709677417,-8.288645161290322,0.5856370967741935,62.0,261.5044052820876,260.0586943859021,256.9092975629249,0.5454750943379054,0.28696628670405905,18.94168666115275
1981-06-01,246.84453061224488,4.114075510204081,0.6527755102040816,0.6739591836734694,138.3072857142857,0.07843448979591837,-10.797469387755102,0.6112183673469388,49.0,261.96893830574476,259.60186126188324,257.0072299358741,0.5526317599892405,0.27292987105272387,18.46263829863374
1981-07-01,260.9920731707317,4.3498678861788616,0.5375487804878049,0.6906609756097561,124.83284146341462,0.15498016219512195,-9.218743902439025,0.5725914634146342,82.0,261.202651134075,260.4246800679078,257.7277667109418,0.5498425557991218,0.2688915528382148,18.280446541008082
1981-08-01,237.59645348837208,3.959940891472868,0.5435813953488372,0.6068244186046512,130.25036046511627,0.31799662790697675,-10.453255813953488,0.6246279069767442,86.0,256.86168892477264,259.55964231758486,257.46967484379405,0.5484036316741511,0.271897536981978,17.044412615732334
1981-09-01,292.5422837837838,4.87570472972973,0.525554054054054,0.7161486486486486,125.01074324324324,0.22345310810810812,-9.10237837837838,0.525527027027027,74.0,260.8746657785495,260.5899406045081,257.70750250585456,0.5469523669478864,0.26266168124739725,19.352848658083335
1981-10-01,254.6829,4.244715,0.48565454545454545,0.6549272727272727,127.3972,0.1369213590909091,-10.773436363636364,0.5391272727272728,110.0,260.2003553618828,259.5818458251543,256.93249898733603,0.5404636832357652,0.25612431289038967,19.42147837965718
1981-11-01,250.61313114754097,4.176885519125683,0.5556065573770492,0.6922704918032786,127.90617213114754,0.1817683663934426,-9.364245901639345,0.5948204918032787,122.0,261.73225277378424,260.23463545696063,257.0277581019674,0.5439816181352962,0.252775924788006,17.659830848885893
1981-12-01,336.21096666666665,5.6035161111111105,0.5404666666666667,0.5169515,123.46256666666666,0.6127400000000001,-10.988666666666667,0.5654633333333333,30.0,268.79572065328347,260.66949741519534,258.24523345965383,0.545576845052354,0.2806562652809637,27.42460029880076
1982-01-01,238.24470998116763,3.9707451663527933,0.5568558380414312,0.5829405263653484,120.7838154425612,0.2965142143691149,-11.332641242937852,0.5940912429378531,1062.0,268.620248159884,260.5059823424027,257.8142975805665,0.5466942977867434,0.2784227240056231,27.629123423262186
1982-02-01,241.8645593220339,4.031075988700565,0.5239491525423728,0.46087966101694916,114.83713559322035,0.47408057627118644,-13.761491525423729,0.4646881355932203,59.0,265.810163288572,258.76143813069825,257.7119912105926,0.5504585790171265,0.289545572028222,28.5556000195005
1982-03-01,254.75273076923077,4.245878846153846,0.5534294871794871,0.6298620512820513,120.50583333333333,0.2744222307692308,-10.602666666666668,0.6229461538461538,78.0,263.74096724156345,258.3240100791491,257.18006494921957,0.5463459899857874,0.2756701097775097,28.365856295585075
1982-04-01,234.25677777777776,3.9042796296296296,0.5469753086419753,0.6214666666666666,125.19682716049383,0.20875144444444446,-10.339777777777778,0.6217493827160494,81.0,260.790689834156,256.18244382879016,256.8669086814133,0.5451917101503964,0.263855118036769,29.51220304249251
1982-05-01,269.7312753623188,4.495521256038647,0.6094007246376811,0.6646695652173913,118.15988405797101,0.22315481826086958,-9.762021739130436,0.5849528985507246,138.0,259.8610326734891,257.2252510092027,257.2972397665118,0.5526498350529989,0.2652681164671103,28.992736030686405
1982-06-01,267.89361151079135,4.464893525179856,0.5436043165467627,0.5815251798561151,122.89995683453238,0.2841812805755396,-10.204985611510791,0.5316568345323741,139.0,261.6151227483679,257.8873952922015,257.8557853464862,0.5435522355815556,0.28241368236541203,28.76951856167044
1982-07-01,246.2726216216216,4.104543693693693,0.5635135135135135,0.6888108108108109,119.4488108108108,0.31359913513513515,-8.206378378378378,0.6711081081081081,37.0,260.3885017859421,256.94580075391315,258.2697197505624,0.545715963333698,0.2956319301104131,29.110270201418892
1982-08-01,271.6940731707317,4.528234552845528,0.6237073170731707,0.5440487804878049,120.05482926829268,0.2924519268292683,-11.360365853658537,0.7228780487804879,41.0,263.22997009280544,256.4832078790261,258.59774157613515,0.5523931234773926,0.29350320502060406,28.33715408220782
1982-09-01,298.0042207792208,4.966737012987013,0.5851428571428571,0.6035974025974026,120.61761038961039,0.282534987012987,-11.060441558441559,0.5425571428571428,77.0,263.68513150909183,257.14991869014483,259.58418495616337,0.557358857068126,0.298426694929344,28.889268265649807
1982-10-01,270.714641025641,4.511910683760684,0.6167094017094017,0.6343282051282051,130.52211965811966,0.22812159914529917,-10.012709401709403,0.6322803418803419,117.0,265.0211099278952,257.86094120451054,259.76594142051476,0.5682800950893641,0.3060267149338765,28.80568725734137
1982-11-01,251.1587123287671,4.185978538812786,0.5792260273972604,0.6691794520547945,119.25627397260274,0.22291187993150685,-9.246595890410958,0.5968191780821918,146.0,265.0665750263308,258.2736860872062,259.9669946428719,0.5702483842577151,0.3094553410620486,28.78129950285651
1982-12-01,307.17088,5.119514666666666,0.55344,0.6235240000000001,124.59036,0.4173891948,-8.27004,0.6264,25.0,262.64656780410854,260.8322686124587,260.49311281831046,0.5713294953688262,0.29317610729538185,22.869125729163954
1983-01-01,248.47704677268473,4.141284112878079,0.5436840972871843,0.5860954349859682,119.4587745556595,0.2902444704022451,-11.903738072965387,0.565142656688494,1069.0,263.499262536735,260.7839181759237,260.51153992214466,0.5702318503059721,0.29265362863147604,22.05275828788717
1983-02-01,242.35963076923076,4.039327179487179,0.5037538461538461,0.7747538461538461,129.5798769230769,0.18192953846153845,-7.624769230769231,0.5923338461538461,65.0,263.54051849066803,261.1516027393332,260.71017924852447,0.5685489081069283,0.2683077088140054,22.00902470388081
1983-03-01,236.32487288135593,3.938747881355932,0.5562203389830509,0.6126245762711864,123.11997457627118,0.3158370762711864,-9.370881355932202,0.5602313559322033,118.0,262.0048636666785,260.88065059714864,260.27090871902766,0.5687814790905587,0.27175894593916833,23.283892552987478
1983-04-01,257.15719736842107,4.285953289473684,0.5800394736842105,0.6647763157894737,122.88194736842105,0.1838122947368421,-9.681289473684211,0.6810052631578948,76.0,263.9132319658988,261.44145750603127,260.39665932488555,0.5715368261774115,0.2696806834635348,21.68656337220968
1983-05-01,289.78471739130435,4.829745289855072,0.6036847826086956,0.7135934782608695,122.6779347826087,0.2224192827173913,-9.142347826086956,0.669745652173913,92.0,265.58435213498086,262.31659669685246,261.1242935932352,0.5710604976749961,0.2696193888349116,22.913572313023458
1983-06-01,268.6534382022472,4.477557303370786,0.5412921348314607,0.6303876404494382,125.28278651685393,0.29503174943820226,-9.639011235955056,0.5528426966292135,89.0,265.6476710259355,263.0772440266827,261.21367551199063,0.5708678158653876,0.2705235945734668,22.921582240773162
1983-07-01,260.7863396226415,4.3464389937106915,0.5173056603773585,0.6389849056603774,126.96518867924527,0.24388089811320754,-11.931311320754718,0.5375179245283019,106.0,266.8571475260205,262.8161001486792,261.7039379031372,0.5670171614373747,0.26471374148830623,22.177126339311755
1983-08-01,246.67572941176468,4.111262156862745,0.5331058823529412,0.6785882352941176,123.42102352941177,0.1716809505882353,-9.013635294117647,0.601764705882353,85.0,264.7722855461066,261.62131485456155,261.3362365183333,0.5594670418773555,0.25464949346822013,22.84693783554578
1983-09-01,228.11358585858585,3.8018930976430974,0.6118686868686869,0.5483275757575757,116.38420202020203,0.3994352727272727,-12.29379797979798,0.6185333333333334,99.0,258.948065969387,261.1692877523428,260.88060385840066,0.5616941943545081,0.2643911839444106,22.511105526711376
1983-10-01,236.37048101265822,3.939508016877637,0.5305569620253164,0.6431037974683544,122.99208860759494,0.2375373959493671,-10.034025316455695,0.5434253164556961,79.0,256.0860526349718,260.43583930825,259.970540007666,0.5545148243808343,0.2651758336780829,23.055762841797893
1983-11-01,266.2528255813953,4.437547093023256,0.546093023255814,0.605796511627907,121.89366279069768,0.31241915232558143,-10.392232558139535,0.5480558139534885,86.0,257.3438954060241,261.38090773537965,260.6228753606473,0.5517537407023804,0.2726347730442558,23.173944559275697
1983-12-01,296.7291388888889,4.945485648148148,0.5303333333333333,0.7136583333333334,123.60919444444443,0.23643875555555555,-8.043500000000002,0.5937638888888889,36.0,256.47375031343154,262.63867959027453,260.22576207262523,0.5498281851468249,0.25755556977388544,21.24902554234279
1984-01-01,245.2384758812616,4.08730793135436,0.5372932282003711,0.5728561131725418,121.39144341372912,0.31055540761595546,-11.825839517625232,0.5708142857142857,1078.0,256.20386940581295,262.77446003414394,260.2442157939512,0.5492956127229237,0.259248147875028,21.37998649350393
1984-02-01,253.0660895522388,4.21776815920398,0.5973731343283583,0.684835671641791,120.90937313432836,0.15824867910447762,-9.065358208955224,0.6131537313432835,67.0,257.09607430439695,262.14891869454567,259.38418143743195,0.5570972200707999,0.2572747429286062,20.969181739566547
1984-03-01,259.69846875,4.3283078125,0.574578125,0.63659375,126.85165625,0.203048109375,-11.4956875,0.5711390625,64.0,259.04387396011725,261.5965682894531,259.2041535728486,0.5586270355722122,0.24787566235392403,19.92388921827887
1984-04-01,256.1785238095238,4.269642063492064,0.6197619047619047,0.5791428571428571,125.04658730158731,0.3337387777777778,-9.591523809523808,0.626115873015873,63.0,258.9623178302092,261.22207987675466,258.2845762564957,0.5619372381620201,0.2603695359406687,19.93431450699267
1984-05-01,260.8225221238938,4.34704203539823,0.6200619469026548,0.6402106194690266,115.21253982300885,0.19287940088495575,-9.474929203539823,0.6493805309734513,113.0,256.548801557925,260.66472878879836,258.76178134410276,0.5633020018531834,0.25790787912129903,17.463429735130337
1984-06-01,236.65640625,3.9442734375,0.49662604166666663,0.6753802083333333,129.77039583333334,0.22095580270833334,-10.884010416666667,0.58949375,96.0,253.88238222857103,260.38172533429156,258.6384478262222,0.5595798274227838,0.25173488356047663,17.88486617117303
1984-07-01,246.5552912621359,4.109254854368932,0.47461165048543685,0.716683495145631,123.71832038834953,0.1772373213592233,-10.551242718446602,0.5200077669902913,103.0,252.69646153186224,259.9807036146083,258.0782022639244,0.5560219932651237,0.24618125216431128,17.85725611904574
1984-08-01,240.31543181818185,4.005257196969697,0.5732272727272728,0.5416090909090909,116.64259090909091,0.21956505,-12.30031818181818,0.4581068181818182,44.0,252.166436732397,260.0562307904363,257.2776691831164,0.5593654424629847,0.25017159378195836,18.144288165013783
1984-09-01,281.59656976744185,4.693276162790698,0.5559186046511627,0.6863837209302326,122.30118604651163,0.16678681395348838,-9.486279069767443,0.5683837209302326,86.0,256.623352058135,259.7521831788713,257.4042348195913,0.5547029356115243,0.23078422221747633,18.26718639781744
1984-10-01,257.514584,4.291909733333333,0.529024,0.6331055999999999,125.19439999999999,0.1929214752,-11.381816,0.53992968,125.0,258.38536064041347,259.8308410677602,257.6108473777834,0.5545751887760813,0.22706622882169572,17.119766634135548
1984-11-01,272.1353936170213,4.535589893617021,0.5307148936170213,0.653563829787234,124.41637234042553,0.1859094159574468,-9.909787234042552,0.5861882978723404,94.0,258.8755746433823,260.42868169191235,258.20810566220496,0.5532936779728486,0.21652375079101782,17.44662819915644
1984-12-01,256.02554545454547,4.267092424242424,0.43501515151515147,0.4113993939393939,115.2279393939394,0.5343239393939394,-16.956439393939394,0.3963,66.0,255.4836085238537,258.2013088804646,258.89083293493223,0.5453504961546668,0.2413475161108832,12.740052522839528
1985-01-01,244.53039872262772,4.0755066453771285,0.5575441605839416,0.60000875,121.13263229927007,0.302880867290146,-11.24445711678832,0.5621703467153284,1096.0,255.42460209396754,258.37591134550513,258.79604520551027,0.5470380738532976,0.2407079710837324,12.793345578897151
1985-02-01,287.21459821428573,4.786909970238095,0.5570089285714286,0.6442776785714285,121.07319642857144,0.26124951785714284,-10.689633928571428,0.5657857142857143,112.0,258.27031114913814,259.6356346480677,259.76423873430696,0.5436743900402201,0.24929137431312118,15.690851862013362
1985-03-01,267.868375,4.464472916666667,0.60896875,0.575871875,121.0275625,0.227185,-12.1253125,0.667625,32.0,258.95113666997145,259.9999580989224,260.12739248430694,0.5465402754568868,0.2513027818652045,15.933817862950914
1985-04-01,254.39351515151517,4.239891919191919,0.6106969696969696,0.5969909090909091,119.79978787878788,0.3118672727272727,-11.491151515151516,0.5673909090909091,33.0,258.80238594847077,260.55931191485956,260.41781525935477,0.5457848642014755,0.24948015644432905,15.970344901758736
1985-05-01,294.48490000000004,4.908081666666666,0.61135,0.5575066666666667,118.20241666666668,0.3124920833333333,-12.086416666666667,0.5704483333333333,60.0,261.60758410481293,261.2469125992396,261.0212351506591,0.5450588686262543,0.2594478799816939,19.022241282740115
1985-06-01,235.7779298245614,3.92963216374269,0.5487894736842105,0.667245029239766,124.46126900584795,0.2071075538011696,-10.727456140350878,0.590529239766082,171.0,261.5343777360264,260.3548103301776,260.9296984089291,0.549405821294383,0.2582938592394302,19.128388592095366
1985-07-01,263.6008192771084,4.393346987951808,0.5824939759036145,0.6262650602409638,122.96750602409638,0.2701870361445783,-10.494156626506024,0.6082048192771085,83.0,262.95483840394076,260.83614915394116,260.81992007636813,0.5583960150792311,0.26603966880487645,18.53873683637871
1985-08-01,219.60435294117647,3.660072549019608,0.6029764705882353,0.6140576470588235,120.3302705882353,0.33050263529411766,-10.739258823529411,0.6189964705882353,85.0,261.2289151641903,259.389212480898,259.6518592920544,0.560875114900978,0.27528446757938624,21.556497702805135
1985-09-01,244.18603658536585,4.069767276422764,0.5827597560975609,0.5028853658536586,116.92593902439025,0.39368723170731706,-12.617036585365854,0.5765085365853658,82.0,258.1113707323506,257.89426291995755,259.6485172095028,0.5631118775215112,0.2941928357255386,21.0421608856703
1985-10-01,269.71913043478264,4.495318840579711,0.4862191304347826,0.6681569565217391,127.93218260869565,0.19721821382608695,-10.7134,0.5189739130434783,115.0,259.1284162685825,257.86660984798925,259.7642589667492,0.5595448050577431,0.29455089727771255,21.30400993742945
1985-11-01,249.31866037735847,4.155311006289308,0.5463679245283019,0.6338396226415094,126.70430188679246,0.12593226056603773,-11.777707547169811,0.583561320754717,106.0,257.22702183194394,257.81549729378344,260.04906393629307,0.5608492243003497,0.2895528009950951,21.05433549568501
1985-12-01,286.2855416666667,4.771425694444445,0.5031249999999999,0.7711666666666667,134.15354166666665,0.21580195833333335,-7.418125,0.6004583333333333,24.0,259.748688182954,257.23534900674645,260.62966709552626,0.5665250450074204,0.26300930257337796,22.64906959775448
1986-01-01,243.30368644067798,4.055061440677966,0.5325399246704332,0.5911273822975518,120.68379472693032,0.2930443777495292,-11.325195856873822,0.5361474576271187,1062.0,259.6464621594583,257.09164455307956,260.6788888711715,0.5644413586812947,0.2621895951116599,22.726636827479886
1986-02-01,259.8683898305085,4.331139830508475,0.625457627118644,0.6184737288135593,121.86127118644067,0.24134940677966102,-11.360220338983051,0.6039966101694916,59.0,257.3676114608101,257.57799897144844,260.41693573871703,0.5701454168935627,0.26053125252186976,21.017805085305397
1986-03-01,283.89522,4.731587,0.51747,0.7017220000000001,115.88211,0.19950503600000002,-10.840250000000001,0.520489,100.0,258.70318187747677,258.8993975025219,260.4888046831615,0.5625205210602294,0.25822458885520305,22.220531939649444
1986-04-01,246.56960810810813,4.109493468468468,0.5705270270270271,0.6904662162162162,120.56416216216216,0.3954432756756757,-10.580527027027026,0.5061783783783784,74.0,258.05118962385956,258.6052978008465,260.10396304051886,0.5591730258377342,0.26518925576756996,22.471844393360172
1986-05-01,301.58761111111113,5.026460185185185,0.6086666666666667,0.6649513888888889,120.06168055555557,0.154805635,-10.046930555555555,0.5571583333333333,72.0,258.6430822164521,258.93315595973,260.448970537532,0.5589494147266231,0.25204871840645887,23.584706903342834
1986-06-01,260.2175,4.3369583333333335,0.5677013888888889,0.6400199305555555,119.09131250000002,0.22928617361111112,-10.156895833333333,0.6056861111111111,144.0,260.67971306440535,258.6988243430009,260.67185336066126,0.5605254076603463,0.253896936723954,22.45907715218381
1986-07-01,241.64920689655173,4.027486781609196,0.5203793103448275,0.6157482758620689,124.78053448275861,0.27843410344827585,-10.820672413793105,0.6144155172413793,58.0,258.8504120326923,258.1672373228318,260.3494722560916,0.5553491855304473,0.2545841923325955,23.084789971140804
1986-08-01,269.7040416666667,4.495067361111111,0.5916875,0.6142708333333333,122.23204166666666,0.34388916666666663,-9.908583333333334,0.6213333333333334,48.0,263.0253860931498,258.80691266324567,260.8845987257298,0.5544084379814277,0.25569973661364126,19.610678976886078
1986-09-01,262.9682307692308,4.3828038461538465,0.5136538461538461,0.76025,125.97109615384616,0.13489307692307692,-8.59258653846154,0.5511855769230769,104.0,264.5905689418052,259.77509724409697,260.391697842154,0.5486496121527848,0.23413355704828787,18.69868891353615
1986-10-01,247.91580263157894,4.131930043859649,0.6048684210526316,0.6645657894736842,120.40259210526315,0.21284084605263157,-9.940973684210526,0.6570789473684211,76.0,262.77362495820495,260.09580062240025,260.2789128860136,0.5585370530376056,0.23543544306716657,19.20743440625417
1986-11-01,254.8646488095238,4.247744146825397,0.5248226190476191,0.5994970238095239,122.25944047619048,0.3146554238095238,-12.43875,0.5432958333333333,168.0,263.23579066088536,259.7794623787372,260.3497715137133,0.5567416109142154,0.2511623733374571,18.918806341800074
1986-12-01,274.9111176470588,4.581851960784313,0.6043529411764706,0.6463823529411765,123.206,0.2511105294117647,-10.903970588235294,0.587,34.0,262.2879219925847,259.17340623313083,259.3281073633865,0.5651772726789211,0.2541047542606597,17.917422567386723
1987-01-01,245.59161038961037,4.093193506493506,0.5514812187812188,0.562744945054945,119.15228671328671,0.3217142471228771,-11.979508491508492,0.5656138861138861,1001.0,262.4785823216624,259.1832155250294,259.45055570352724,0.56675571385482,0.256493910041772,17.707994474406227
1987-02-01,246.39903448275862,4.106650574712644,0.6551724137931034,0.5740689655172414,116.46472413793103,0.3799756896551724,-12.231586206896552,0.6610068965517242,29.0,261.35613604268326,258.9980195508772,259.5261302895393,0.5692319460776917,0.26804610028139797,18.305299474677756
1987-03-01,267.8432133333334,4.464053555555555,0.48161333333333334,0.6156826666666667,123.99590666666666,0.22555379333333334,-11.221653333333334,0.43273133333333336,150.0,260.018468820461,259.2242624559697,259.744304998941,0.5662438905221361,0.2702168300591758,17.052121969807292
1987-04-01,247.03986315789473,4.117331052631579,0.5636105263157895,0.6557263157894736,124.2077894736842,0.1950178692631579,-11.14622105263158,0.5583073684210527,95.0,260.05765674127656,258.9704107712023,259.95735642194296,0.5656675154628663,0.2535147128581326,17.018913069052175
1987-05-01,231.4704347826087,3.857840579710145,0.4982608695652174,0.4696271739130435,112.83884782608696,0.5153660869565218,-14.283902173913043,0.4795717391304348,92.0,254.2145587139014,258.15507501172215,259.31967574561446,0.5564670323710789,0.2835614171878428,13.034457959350952
1987-06-01,273.40028,4.556671333333333,0.52578,0.575458,123.15752,0.362138286,-12.220999999999998,0.508194,50.0,255.31312371390138,259.1757381714444,259.41145355376796,0.5529735832970047,0.2946324265535835,14.098492806962682
1987-07-01,258.32200980392156,4.30536683006536,0.5535392156862745,0.7052803921568627,123.61654901960785,0.17778753137254902,-10.325421568627451,0.5579117647058824,102.0,256.7025239561822,259.50259146427175,259.6122766901396,0.5557369087421253,0.2862452122139396,13.435462133067569
1987-08-01,265.63434513274336,4.427239085545723,0.6065752212389381,0.7369814159292035,114.86437168141593,0.2289327782300885,-7.487761061946903,0.5243539823008849,113.0,256.36338257835524,260.20589461189843,259.5112812228398,0.5569775521787036,0.2766655131775581,13.125221502145449
1987-09-01,235.36217293233085,3.9227028822055137,0.5121353383458647,0.6131684210526316,125.69036842105263,0.296519605037594,-10.703684210526315,0.5386954887218045,133.0,254.06287775861358,258.92160581092315,258.4672470920583,0.5568510098613718,0.2901343905204345,14.234735850753882
1987-10-01,257.73433980582524,4.295572330097087,0.5701359223300971,0.5296504854368932,118.60217475728155,0.2940729466019417,-11.989194174757282,0.5206446601941748,103.0,254.88108918980075,258.9277101388627,258.2509087383947,0.5539566349678272,0.296903732232877,14.131088273543007
1987-11-01,248.70934666666668,4.145155777777778,0.5511146666666666,0.48474,120.23422666666666,0.33331146666666667,-11.82832,0.565376,75.0,254.3681473445627,258.27698661246404,258.2100859773597,0.5561476389360812,0.2984584024709723,14.243011163973845
1987-12-01,230.5372142857143,3.842286904761905,0.42205714285714285,0.7320857142857143,135.82155357142855,0.20558046428571428,-10.23575,0.5046017857142857,56.0,250.67032206445063,257.56897741332983,256.9328582154549,0.5409563224094706,0.2946642303771347,14.184850552509126
1988-01-01,243.56076808721508,4.059346134786918,0.5493953419226957,0.5473163429137761,120.35125867195242,0.3692007002973241,-12.171709613478692,0.5472029732408324,1009.0,250.50108520591775,257.5420432290128,256.85092023736377,0.540782499337927,0.29862143480833864,14.262852542929444
1988-02-01,285.1240869565217,4.752068115942029,0.46382318840579706,0.5111304347826087,120.16102898550726,0.3614403333333333,-13.63676811594203,0.5050594202898551,69.0,253.72817291206465,257.48397347185266,257.5636611738186,0.5248367305556515,0.29707682178151873,17.30652761402153
1988-03-01,234.15397345132743,3.9025662241887904,0.5862920353982302,0.6212108849557523,124.53284955752213,0.3024981433628318,-10.147247787610619,0.645204424778761,113.0,250.92073625523082,256.5474623177229,257.52747951665145,0.5335599557277262,0.3034888509506436,17.53958999741825
1988-04-01,254.5942448979592,4.243237414965987,0.5359387755102041,0.5921244897959184,116.20716326530612,0.1899157714285714,-11.403428571428572,0.5395877551020408,49.0,251.55026806690285,256.55303814401293,257.4847636421438,0.5312539764939274,0.3030636761310947,17.523198017019816
1988-05-01,246.12895283018867,4.102149213836478,0.5381283018867925,0.6678575471698114,121.36858490566037,0.2052896330188679,-11.239933962264152,0.5312425471698113,106.0,252.7718112375345,255.209817389296,256.7571675661252,0.5345762625207252,0.27722397163629026,16.475800705438836
1988-06-01,270.0683950617284,4.501139917695474,0.6412679012345679,0.6326160493827161,112.21698765432097,0.25979138185185185,-10.524024691358026,0.6049617283950617,81.0,252.4941541593452,256.16233031255064,256.78075018044984,0.5442002542902725,0.2686950629572779,16.1208083059393
1988-07-01,256.8619310344828,4.281032183908046,0.6093448275862069,0.6539827586206897,120.96337931034483,0.30284827586206897,-9.330689655172414,0.6357586206896552,29.0,252.37248092855864,255.9751389724777,256.71534337064725,0.5488507219486003,0.27911679166473785,16.078277230534436
1988-08-01,250.06265454545454,4.167710909090909,0.6155999999999999,0.6262218181818182,120.53834545454546,0.1946999130909091,-10.880018181818182,0.5818527272727273,55.0,251.07484004628455,256.82120290592985,256.77179212287535,0.5496027868453555,0.27626405290313955,15.529657196821873
1988-09-01,298.995900621118,4.983265010351967,0.5119813664596273,0.7792869565217391,120.47726086956521,0.1012334202484472,-8.281670807453416,0.5381434782608695,161.0,256.3776506870168,258.3436991291452,257.9531640355842,0.5495899558548357,0.25999020417071067,19.920239387125243
1988-10-01,278.220339869281,4.637005664488018,0.5132633986928105,0.6674594771241831,124.36733986928105,0.22563353986928106,-9.809601307189542,0.5364450980392157,153.0,258.0848173589715,258.57984383565906,258.65066168319464,0.5448505788850617,0.2542869202763223,20.900771535219878
1988-11-01,264.06880769230764,4.401146794871795,0.5083858974358975,0.5391634615384615,119.6204358974359,0.29636507019230773,-13.263692307692308,0.5460628205128205,156.0,259.36477244444154,258.9895701499632,258.61426138504316,0.541289848115831,0.25120805390345907,20.7441427172267
1988-12-01,232.7483888888889,3.879139814814815,0.5523333333333333,0.6936777777777778,120.5353888888889,0.22699533333333333,-9.889722222222224,0.6441055555555555,18.0,259.5490369947061,257.50242701724716,257.5479155517098,0.5521461973221803,0.25299262632409397,20.472843100705262
1989-01-01,249.6213640639699,4.160356067732831,0.5525393226716839,0.590832380056444,120.8234797742239,0.31059528370649103,-11.340809031044214,0.5714511759172154,1063.0,260.05408665943565,257.6779180623386,257.62096368808835,0.5524081957179293,0.24810884160819122,20.11418178138894
1989-02-01,271.1867105263158,4.51977850877193,0.5763421052631579,0.5366526315789474,119.72010526315789,0.317235,-11.796263157894737,0.5802894736842106,38.0,258.8926386235851,257.9923158594444,257.9229740376563,0.5617847721227093,0.24442506383041343,18.900760583224553
1989-03-01,259.4881791044776,4.324802985074626,0.6294179104477612,0.5293673134328358,117.2432985074627,0.3605811873134328,-13.984641791044776,0.5814149253731343,67.0,261.00382242801436,257.3143425012354,257.9194692102309,0.5653785950435035,0.24926531749296352,17.22707753971898
1989-04-01,247.41982978723405,4.123663829787234,0.4973191489361702,0.6170191489361703,125.97691489361702,0.1652239170212766,-12.105234042553192,0.4840297872340426,47.0,260.4059545021206,257.3379597701,257.77349097652603,0.5621602928290007,0.2472076629590223,17.590408092386433
1989-05-01,293.7961081081081,4.896601801801801,0.5298144144144143,0.6546936936936938,121.59393693693693,0.24695340630630633,-9.520387387387387,0.5106594594594595,111.0,264.37821744194724,257.1215291311277,258.32305074292964,0.5614674688729693,0.2506796440663088,19.365785508931225
1989-06-01,253.53225714285716,4.2255376190476195,0.5351857142857143,0.6180228571428572,123.78704285714286,0.25027667414285715,-11.287757142857144,0.5978764285714285,140.0,263.00020594870796,256.9358279406515,258.60431492447725,0.5526272866272315,0.24988675175722594,19.511860909145028
1989-07-01,211.75120202020202,3.5291867003367003,0.5898585858585859,0.5630228282828283,121.07479797979799,0.2735354707070707,-12.045979797979797,0.5168151515151516,99.0,259.24097853085124,256.10532780519736,258.024246770445,0.5510034331499296,0.2474440179943094,24.507958582890634
1989-08-01,234.0035569620253,3.9000592827004223,0.48630379746835445,0.6178974683544304,121.18126582278481,0.32713021772151896,-10.341708860759494,0.5151240506329114,79.0,257.9027203988988,255.1136476745129,257.9190488561757,0.5402287496056258,0.2584798767135269,25.474113368880637
1989-09-01,270.01718644067796,4.500286440677966,0.5159915254237288,0.5109093220338983,118.85644067796609,0.33081271186440675,-11.839271186440676,0.4927974576271187,118.0,255.48782755052878,255.30945199871974,257.726059134063,0.5405629295193011,0.2776114843481902,22.41421080943714
1989-10-01,266.26069767441857,4.437678294573644,0.5647751937984495,0.6148224806201551,116.92970542635659,0.25351066899224806,-10.824023255813954,0.5488658914728682,129.0,254.49119070095693,255.8190324165764,257.8718276953033,0.5448555791114377,0.2799345784417708,21.561188832490977
1989-11-01,269.0014,4.483356666666666,0.6163,0.6475577777777778,120.8501,0.29063649999999996,-9.936433333333333,0.5903833333333334,90.0,254.90224005993127,256.2117199496452,257.819594468353,0.5538484209917794,0.2794571975924118,21.80600707548377
1989-12-01,253.47205882352938,4.22453431372549,0.4970588235294117,0.4835117647058823,112.6954705882353,0.6674976176470588,-14.41535294117647,0.6048823529411764,17.0,256.62921255448464,255.61619053788047,257.77703635783604,0.5492422118414527,0.31616572128522225,20.683732033199963
1990-01-01,258.752144873001,4.312535747883349,0.5344002822201317,0.573580103480715,120.98176669802446,0.33678111719661336,-11.234067732831608,0.5421123236124177,1063.0,257.3901109552372,255.98176094019684,258.01406546034224,0.5477306251371566,0.3183478740760658,20.570132327503856
1990-02-01,249.49499999999998,4.15825,0.5903214285714286,0.6374642857142857,122.89371428571428,0.22338491803571428,-9.523678571428572,0.5750785714285714,56.0,255.58246841137756,256.06775998234247,257.3854054901042,0.5488955687461792,0.3105270339123753,20.197231003183674
1990-03-01,254.02515454545454,4.233752575757576,0.5820818181818181,0.5819,120.4210090909091,0.2512210909090909,-12.0495,0.49996999999999997,110.0,255.12721636479236,255.6839250160125,257.1546851491951,0.544950894390684,0.30141369254534683,20.162731460664045
1990-04-01,261.4179518072289,4.356965863453816,0.6254819277108433,0.5662361445783133,107.825578313253,0.29514706795180723,-12.027506024096386,0.5421397590361445,83.0,256.29372653312527,256.08331636738285,257.2717590934569,0.5556311259552401,0.3122406217895577,20.081048805415485
1990-05-01,251.60672093023257,4.193445348837209,0.5043255813953489,0.5717837209302326,122.05937209302326,0.2222117906976744,-11.243976744186046,0.48875348837209304,43.0,252.77794426830226,256.6426576492613,256.5571227756275,0.5535070565369846,0.3101788204888384,16.245123550559914
1990-06-01,250.88173493975904,4.181362248995984,0.5426385542168675,0.523393373493976,123.61554216867471,0.3706156626506024,-12.106578313253012,0.5575650602409639,83.0,252.5570674180441,256.01714250869907,256.8088528608808,0.5541281265312473,0.32020706953115047,16.251952648588798
1990-07-01,254.5616756756757,4.242694594594594,0.5422612612612613,0.625390990990991,116.27025225225225,0.24359760855855855,-10.845459459459459,0.523663963963964,111.0,256.12460688933356,255.91268878291444,256.65820046752356,0.5501616828148037,0.31771224768544115,9.96155045736496
1990-08-01,246.63795505617975,4.110632584269663,0.572752808988764,0.5841898876404494,118.23508988764046,0.2690651764044944,-10.685494382022473,0.5247730337078651,89.0,257.17747339717977,255.3850112807877,257.10876050277363,0.5573657671081711,0.3128734942423558,7.856154166568333
1990-09-01,255.64127358490563,4.260687893081761,0.5108283018867925,0.6210132075471698,120.67688679245283,0.21475640415094338,-10.270396226415095,0.42949716981132074,106.0,255.97948065919874,255.94831963224811,257.29968111943265,0.556935498480093,0.3032021352662338,6.736536612172766
1990-10-01,255.21584962406013,4.253597493734336,0.5341578947368422,0.6899449624060151,120.5502105263158,0.2217163262406015,-9.528187969924812,0.5600030075187971,133.0,255.0590766550022,255.87836157164358,257.05795977258725,0.5543840568916258,0.30055260670359657,5.907654260449565
1990-11-01,283.27312621359226,4.721218770226537,0.5949553398058253,0.5973157281553397,117.83145631067961,0.3218860388349515,-11.181019417475728,0.5574669902912621,103.0,256.2483871728016,256.83846655905813,257.6238675365245,0.552605335208778,0.3031567349398426,9.383616600786905
1990-12-01,312.1016666666667,5.201694444444445,0.45433333333333337,0.5231833333333333,124.04688888888889,0.4210888888888889,-13.001277777777778,0.5182166666666667,18.0,261.1341878263963,259.1041457918624,258.0541362865245,0.549044877692438,0.2826226742099951,18.57173590655966
1991-01-01,238.9426375442739,3.982377292404565,0.5796840613931523,0.5449613695395514,118.65225029515939,0.3307380817473436,-11.192327036599764,0.575652184179457,847.0,259.4833955490024,258.97586438789176,257.9814521382511,0.5528185259568564,0.2821190879225559,19.651723297063658
1991-02-01,251.47991666666667,4.191331944444444,0.5087166666666667,0.5641666666666667,123.04244999999999,0.3394009651666667,-11.545833333333333,0.5258533333333334,60.0,259.64880527122466,258.0413041020625,257.84164425218705,0.5460181291314596,0.2917870918501353,19.56818340165784
1991-03-01,274.3583521126761,4.572639201877934,0.5185915492957747,0.5677238028169015,117.25633802816903,0.2756565505633803,-10.80456338028169,0.44647887323943664,71.0,261.34323840182645,259.15809239821107,257.68269645406497,0.5407272733909559,0.2938233801546594,19.914234048759504
1991-04-01,239.68181944444444,3.9946969907407404,0.5802499999999999,0.5158777777777778,121.24834722222221,0.2797181111111111,-11.720583333333332,0.57125,72.0,259.5318940382611,258.7438583578356,257.5678999763373,0.536957946081719,0.29253763375126807,20.872303883702315
1991-05-01,242.83798039215685,4.047299673202614,0.670392156862745,0.6641176470588235,120.72633333333333,0.20436570588235295,-9.886431372549021,0.6682941176470588,51.0,258.8011656600881,258.65244245677917,256.5887394643547,0.5507968273706687,0.29105046001665796,21.323598920251225
1991-06-01,282.02398529411767,4.7003997549019605,0.5478235294117647,0.6103501470588235,118.52201470588236,0.2580068676470588,-11.246588235294118,0.5188308823529413,68.0,261.39635318961797,258.98454218545675,256.9521808859233,0.5512289086369101,0.28166639376636265,22.151167769521855
1991-07-01,231.6553880597015,3.8609231343283583,0.5406119402985076,0.6154716417910449,127.62807462686567,0.22957837462686567,-9.482089552238806,0.5851164179104478,67.0,259.4874958882868,258.28436043615716,256.7856172386425,0.5510914652233473,0.2804981242720549,23.724754860053103
1991-08-01,263.1046788321168,4.3850779805352795,0.5777591240875913,0.636080291970803,117.85432846715328,0.19714698540145983,-10.690540145985402,0.5656007299270074,137.0,260.85972286961487,258.64663888856444,256.67562785806666,0.5515086581482497,0.2745049416884687,23.3878001512433
1991-09-01,252.97314695340503,4.216219115890083,0.5257956989247312,0.6436415770609318,122.70744086021504,0.23405955136200715,-9.926956989247312,0.4813114695340502,279.0,260.6373789836565,257.36822906446133,256.5090431278029,0.5527559412347445,0.27611353728939064,23.45450873530802
1991-10-01,252.27630000000002,4.204605,0.5199,0.5449325,118.08689,0.3930551422,-11.50867,0.487974,100.0,260.3924165149848,256.6475612903146,256.58171808394326,0.5515677833400077,0.2903917719526739,23.531503761403332
1991-11-01,255.3646328125,4.2560772135416665,0.50817265625,0.542397734375,114.580265625,0.332254536015625,-12.2105546875,0.43425859375,128.0,258.0667087315605,256.40577865476445,256.5900511506595,0.5443358930436889,0.29125581338439666,22.417308844897715
1991-12-01,189.61235,3.1602058333333334,0.5982833333333333,0.43259166666666665,124.938525,0.6185953249999999,-8.620016666666666,0.7647833333333334,120.0,247.85926567600492,255.20755535229532,255.16840502320852,0.5563317263770222,0.30771468306032257,23.44008400511347
1992-01-01,237.77641014799153,3.9629401691331925,0.5472108879492601,0.5661865433403805,122.4450845665962,0.32730744897463,-10.971042283298097,0.5630090909090909,946.0,247.76208005964804,254.87852885462922,255.03815168584822,0.5536256285900312,0.3074287969959298,23.482793115705793
1992-02-01,271.03708,4.517284666666667,0.5566266666666667,0.6625800000000001,119.64338666666667,0.27089876453333334,-10.62964,0.500068,75.0,249.39184367075916,254.87437245112045,255.44878577780224,0.5576181285900312,0.30172028027648534,24.42406983008785
1992-03-01,270.4962253521127,4.508270422535211,0.5792845070422535,0.6161408450704225,129.5469295774648,0.2146688718309859,-10.57661971830986,0.5370957746478874,71.0,249.06999977404553,255.18015151355473,255.49300264478188,0.5626758750689044,0.2966379737154525,24.088308061948766
1992-04-01,238.5251886792453,3.9754198113207546,0.5765943396226415,0.6047933962264151,120.92635849056603,0.28680755509433964,-10.856405660377359,0.5497150943396226,106.0,248.97361387694562,254.933078149444,255.3510914034711,0.5623712367041246,0.29722876071405485,24.131563763500516
1992-05-01,232.09411666666668,3.868235277777778,0.5670750000000001,0.6032416666666667,128.23418333333333,0.3841594494166667,-9.216608333333333,0.6434808333333333,120.0,248.07829189982147,253.2191339427373,255.3614861015387,0.5537614736322292,0.31221157267524763,24.575132066398698
1992-06-01,248.63997183098596,4.1439995305164326,0.604887323943662,0.6179492957746479,118.36485915492959,0.24507648887323946,-9.532147887323944,0.5743978873239436,142.0,245.29629077789377,253.08323712851865,254.94881429872183,0.5585167898432206,0.3111340411107627,22.153266326593887
1992-07-01,235.728816091954,3.928813601532567,0.5658655172413793,0.6149506896551724,129.20359770114942,0.2753941544827586,-9.811540229885058,0.5958333333333333,87.0,245.63574311391483,253.74928196384502,254.572261070189,0.5606212545884599,0.3149520227654205,21.955572720930473
1992-08-01,257.37193846153843,4.2895323076923075,0.5867692307692308,0.5265215384615385,113.31510769230769,0.40074650984615384,-10.492215384615385,0.6019846153846153,65.0,245.1580147497,254.39840367216487,254.4345542923356,0.5613720968119299,0.33191864980247826,21.600409890841384
1992-09-01,285.5938588235294,4.759897647058823,0.49922588235294113,0.5922307058823529,123.11562352941176,0.2492020328235294,-11.0374,0.41840470588235296,85.0,247.87640740554366,254.83108901613298,255.2717490571889,0.5591579454309474,0.33318052325760517,24.527646874128525
1992-10-01,252.02540366972477,4.200423394495413,0.5555688073394496,0.6047036697247706,126.24201834862384,0.23942440458715597,-9.947119266055047,0.5268660550458716,109.0,247.8554993780207,254.43566418266926,255.17660012158726,0.5621303460425682,0.32037796178986816,24.523661936274515
1992-11-01,244.8761544715447,4.0812692411924125,0.6257032520325203,0.6342260162601626,122.29592682926828,0.29262134959349595,-9.339991869918698,0.6132243902439024,123.0,246.98145951627444,253.7655184735455,255.11271358500187,0.5719245623577782,0.3170751962546907,24.418383546730006
1992-12-01,223.85014492753623,3.7308357487922703,0.635231884057971,0.6296521739130434,116.59420289855072,0.3310737536231884,-9.175202898550726,0.6297927536231884,69.0,249.83460909356916,252.94268753199015,255.0012624290322,0.575003608251498,0.29311506530662307,18.352580802351362
1993-01-01,245.8056245810056,4.0967604096834265,0.5624063687150838,0.5621548156424581,120.32157318435755,0.31140474526256984,-10.95910502793296,0.5714988826815642,895.0,250.50371029632035,252.58306196832362,255.03867670392873,0.5762698983153166,0.29178983999728475,18.016279609216706
1993-02-01,251.30003125,4.188333854166666,0.6140625,0.63940234375,124.19178125,0.1998692171875,-10.48971875,0.59296484375,128.0,248.85895623382032,252.63320172526807,254.4749424421534,0.581056217759761,0.2858707110517987,16.833413484906725
1993-03-01,261.7850581395349,4.363084302325581,0.6013837209302326,0.567813953488372,116.42595348837209,0.21343088441860464,-11.131581395348837,0.5217325581395349,86.0,248.13302563277216,252.8487546028814,254.93546052029018,0.5828978189170927,0.2857675454341002,15.981781951565688
1993-04-01,264.9630655737705,4.416051092896175,0.5252950819672131,0.6041360655737705,125.66586885245903,0.29431382622950825,-9.54577049180328,0.5426885245901639,61.0,250.33618204064922,252.94722998528536,255.10827419822036,0.5786228807791403,0.2863930680286976,16.35482645865647
1993-05-01,258.91118292682927,4.315186382113821,0.49078414634146345,0.5248393902439025,119.22763414634146,0.38667268170731706,-12.643743902439025,0.43802804878048784,82.0,252.57093756232948,253.15013170741304,255.32131136649772,0.5722653096409289,0.2866025040529185,15.442302988896207
1993-06-01,262.2786530612245,4.371310884353742,0.573173469387755,0.5614357142857143,116.37330612244898,0.3117850102040816,-10.273479591836734,0.5419173469387755,98.0,253.70749433151602,253.46671276634257,255.19148233315596,0.5696224884279367,0.29216154749715534,15.627475951497807
1993-07-01,258.5885777777778,4.30980962962963,0.6097888888888889,0.5558844444444445,111.88656666666665,0.2239418188888889,-11.303388888888888,0.5056955555555556,90.0,255.61247447200137,253.57857115806766,255.22025977887753,0.5732827693985625,0.2878738528643328,14.595898437266488
1993-08-01,243.68981250000002,4.0614968750000005,0.5838979166666667,0.54878125,124.48497916666666,0.2918335136458334,-10.252833333333333,0.575915625,96.0,254.47229730853982,253.4966783092849,255.11404574478667,0.5730434932233488,0.27879776984763943,14.975424930987854
1993-09-01,237.56603571428573,3.9594339285714284,0.5433571428571428,0.6589072857142858,124.93965714285714,0.20633871299999998,-10.1077,0.5582857142857143,140.0,250.46997871610287,252.99458836843436,254.09021466300612,0.5767210982653656,0.275225826529012,12.030054451164881
1993-10-01,247.7644326241135,4.129407210401891,0.6114397163120567,0.5526234042553191,121.67541134751774,0.30992043368794325,-10.11418439716312,0.5845092198581561,141.0,250.11489779563522,252.78760456288026,253.58261620892,0.5813770073464163,0.2811004956207443,12.042847573358014
1993-11-01,286.0924525547445,4.768207542579075,0.6204160583941606,0.5666255474452555,113.17320437956204,0.3286780459124088,-10.592678832116787,0.5270671532846716,137.0,253.54958930256853,252.8659191834678,253.94967695662726,0.5809364078765529,0.28410522031398705,15.72695052300013
1993-12-01,277.7647111111111,4.6294118518518514,0.6317333333333334,0.5467088888888889,114.26457777777777,0.27619937777777775,-10.931377777777778,0.6416533333333334,45.0,258.04246981786645,251.91211486248014,254.6999489936643,0.580644861982833,0.2795323556602028,14.086712386313033
1994-01-01,256.0219418472064,4.267032364120107,0.5677795895096921,0.556944937286203,116.30139908779933,0.32422261109464084,-10.734378563283922,0.5438793614595211,877.0,258.89382959004985,252.38653998200607,254.80662529005156,0.5810926303823838,0.2806005111462087,13.579511688873493
1994-02-01,237.4178163265306,3.9569636054421773,0.5423469387755102,0.6705510204081633,125.64355102040815,0.22161521020408162,-9.456142857142858,0.6160040816326531,49.0,257.7369783464274,251.99592608366896,254.2438103867218,0.5751163336136763,0.28241267723092384,14.819913598257061
1994-03-01,237.8536258064516,3.9642270967741933,0.5507290322580645,0.61782,119.65553548387096,0.26369560193548386,-9.56241935483871,0.5781251612903225,155.0,255.7426923186705,250.98190590849606,253.8832344984214,0.5708951095576623,0.2866014036906638,15.80323001146918
1994-04-01,245.57957843137254,4.092992973856209,0.5518627450980392,0.6567865098039215,124.73042156862746,0.2041547200980392,-8.228549019607843,0.5648872549019608,102.0,254.12740172347063,251.14573254702185,253.85256364249037,0.5731090814852312,0.2790881448463747,15.765689164618209
1994-05-01,249.7789173553719,4.162981955922865,0.5949752066115703,0.6224694214876033,119.68490082644628,0.2717667326446281,-10.0878347107438,0.5469371900826446,121.0,253.36637959251584,251.33853635155558,253.11894379661143,0.5817916698410733,0.2695126490911506,15.734159135406715
1994-06-01,249.84866055045873,4.164144342507645,0.5493394495412844,0.5764289908256881,118.24974311926606,0.22849312201834862,-11.569954128440367,0.5240064220183487,109.0,252.3305468832854,250.44477733089843,253.05755052007146,0.5798055015205341,0.2625716584090062,15.50152994426095
1994-07-01,217.04203750000002,3.6173672916666666,0.4955,0.66939875,120.6383,0.24229406975,-9.30335,0.5282012500000001,80.0,248.86833519347056,250.03885092646226,253.1457311114014,0.57028142744646,0.26410101264743213,18.353956133210026
1994-08-01,252.5397311827957,4.208995519713262,0.5025559139784946,0.5938655913978494,117.15977419354839,0.27273295806451614,-9.482408602150539,0.4800924731182796,93.0,249.60582841703686,249.74538015842558,253.45466734841426,0.5635029272224458,0.26250929968232234,18.304694031124
1994-09-01,258.52663694267517,4.308777282377919,0.5914076433121019,0.6011235668789809,118.63143949044586,0.30325554458598725,-9.432273885350318,0.5207464968152866,157.0,251.3525451860693,249.89964376923865,253.2631581901142,0.5675071355936924,0.270585702314488,18.04965887885912
1994-10-01,268.3295586206897,4.472159310344828,0.5478275862068965,0.6168971379310345,117.56758620689655,0.2346189220689655,-8.850420689655172,0.5078689655172414,145.0,253.066305685784,250.34556761981335,253.29763920588542,0.5622061247515956,0.26431057634623983,18.644503881530238
1994-11-01,249.875,4.164583333333334,0.5534536082474227,0.6051030927835052,124.93886597938145,0.29889784536082475,-9.182154639175257,0.45757113402061855,97.0,250.0481846395553,250.1930778194661,252.97886587255206,0.5566259205727008,0.2618288929669411,15.474149041212126
1994-12-01,282.22226666666666,4.703704444444444,0.5594666666666667,0.5168133333333333,116.08500000000001,0.44050066666666665,-13.330266666666667,0.6378933333333333,15.0,250.41964760251824,252.76557550465128,253.45803600327102,0.5506036983504786,0.27552066704101524,16.23478888596589
1995-01-01,243.83282016632018,4.063880336105336,0.554616632016632,0.5563379002079002,117.41203118503118,0.3145799146257796,-10.644905405405405,0.5318049896049897,962.0,249.40388746244443,252.93380911627153,253.20938059149302,0.549506785226057,0.2747171090019434,16.233723156707814
1995-02-01,250.79284782608696,4.1798807971014496,0.5258260869565217,0.49033913043478267,121.35693478260869,0.37596472608695647,-11.675282608695651,0.5503260869565217,46.0,250.51847342074078,252.37146933366284,253.23101138859448,0.5481300475744746,0.28757956865884965,15.789027058891064
1995-03-01,254.82447580645163,4.247074596774193,0.5758387096774193,0.6681443548387097,123.62815322580644,0.21574374596774193,-8.287830645161291,0.5483032258064516,124.0,251.93271092074076,251.93614295739442,253.24433340961107,0.5502225206927541,0.2835835806615378,15.30409811160521
1995-04-01,253.13082142857144,4.2188470238095235,0.6005952380952382,0.6455535714285714,116.71603571428572,0.24307148166666664,-8.710428571428572,0.5399547619047619,84.0,252.56198117050735,252.34185497820908,253.1062145699668,0.554283561775854,0.28682664412559017,15.173814205282078
1995-05-01,230.0514230769231,3.834190384615385,0.5888461538461539,0.6632769230769231,125.32042307692308,0.3046873621153846,-8.6065,0.5790961538461539,52.0,250.91802331396994,252.28511348960507,252.74695960574496,0.5537728073787359,0.2895700299148199,16.512363481446013
1995-06-01,250.2229696969697,4.170382828282828,0.5928333333333333,0.5997598484848485,120.44165151515152,0.287625353030303,-8.92440909090909,0.5487643939393939,132.0,250.9492157428459,252.32908565254905,252.7359801850318,0.5573972976947401,0.2944977158324827,16.51051321369729
1995-07-01,247.70307291666666,4.128384548611112,0.637375,0.6091645833333333,120.83744791666668,0.17786356875,-9.40453125,0.5666260416666666,96.0,253.50430202756806,252.66170389768,252.62167013904835,0.5692202143614068,0.289128507415816,12.72458832398443
1995-08-01,236.87131343283582,3.9478552238805973,0.536910447761194,0.7004179104477611,131.79694029850748,0.2517210537313433,-8.63489552238806,0.5826388059701493,67.0,252.19860054840476,252.09224209132714,252.45889277865928,0.5720830921766317,0.2873775153880516,13.605928736498218
1995-09-01,271.68882242990657,4.5281470404984425,0.5345271028037384,0.6260006542056076,117.47267289719625,0.22048938971962617,-9.252,0.48862803738317756,107.0,253.29544933900738,251.70599108039318,252.72635192607595,0.5673430471342681,0.2804803358158549,14.652713188903505
1995-10-01,261.7451491712707,4.362419152854511,0.541646408839779,0.6836773480662983,123.84167403314918,0.17939495933701657,-8.091812154696132,0.5441900552486189,181.0,252.74674855155578,251.97598401099165,252.8351735851961,0.5668279490203416,0.2758783389215258,14.153323273322606
1995-11-01,251.77267741935486,4.196211290322581,0.6029596774193549,0.49670887096774197,112.16602419354838,0.37946487903225806,-10.576459677419354,0.5022064516129032,124.0,252.904888336502,252.1675540928753,252.31016610529215,0.5709534547846693,0.28259225839414526,14.128899889617463
1995-12-01,232.92220833333332,3.8820368055555554,0.5835541666666667,0.4761875,120.59766666666667,0.49802083333333336,-12.725583333333333,0.6422291666666667,24.0,248.79655014205755,252.41955585414746,250.99050846640327,0.5729607464513359,0.2873856056163675,11.805782282482216
1996-01-01,241.30366364665912,4.021727727444318,0.6005419026047565,0.5799221517553794,117.48754360135901,0.30683765826727066,-9.599201585503963,0.5874959229898076,883.0,248.58578709875246,252.29450138374892,251.02985890144302,0.5767878523336797,0.28674041758649177,11.924433008632073
1996-02-01,251.2669135802469,4.187781893004115,0.6064691358024692,0.5917567901234567,122.32274074074074,0.30742326172839507,-9.784172839506173,0.592441975308642,81.0,248.6252925782658,252.29358144847797,251.0263088500027,0.5835081064041753,0.28102862888994495,11.933191763509441
1996-03-01,207.2582967032967,3.454304945054945,0.5138461538461538,0.5186560439560439,129.1545934065934,0.4273750483516483,-10.083373626373627,0.564432967032967,91.0,244.66144431966958,250.77894918636028,249.90797459317972,0.5783420600849032,0.2986645707552705,16.65332366807031
1996-04-01,268.490392,4.474839866666667,0.586168,0.6280800000000001,119.32930400000001,0.24585420400000002,-8.617656,0.5746808,125.0,245.94140853395527,250.87693047597773,250.38811746910562,0.5771397902436334,0.2988964642830483,17.906559944205082
1996-05-01,257.7825909090909,4.296376515151516,0.5081295454545455,0.5449681818181819,121.58430681818182,0.3355150056818182,-10.789034090909091,0.4552511363636364,88.0,248.25233918663594,250.84558069770725,250.63719431105451,0.5704134062109993,0.30146543458025105,17.453134482295496
1996-06-01,272.3179891304348,4.538633152173913,0.5908913043478261,0.6385326086956521,109.18760869565217,0.24596903467391307,-8.718369565217392,0.5568152173913044,92.0,250.09359080609136,251.12445114407421,250.47542770832646,0.570251570462207,0.29799407471721856,18.793907543097394
1996-07-01,262.2175,4.370291666666667,0.6526736111111111,0.6202569444444443,108.85677777777778,0.18034929861111113,-8.290583333333334,0.5602166666666667,144.0,251.30312639636915,251.22525453913593,250.9847962406648,0.5715264547214663,0.29820121887231116,19.09078656971878
1996-08-01,251.9499411764706,4.19916568627451,0.6186588235294117,0.5942070588235294,114.20945882352942,0.25141942352941177,-9.058470588235295,0.5295447058823529,85.0,252.55967870833874,251.45470255792674,250.79888394640403,0.5783388193688178,0.2981760830221502,18.542907268742066
1996-09-01,239.02295348837208,3.983715891472868,0.5440348837209302,0.6590209302325581,117.94069186046511,0.2210914752906977,-8.209738372093023,0.5350691860465117,172.0,249.83752296321086,251.49517249609582,250.5663807219868,0.5791311344452504,0.2982262568197395,17.86472073694809
1996-10-01,250.05820661157026,4.167636776859504,0.6003801652892562,0.5566512396694214,119.30631404958677,0.26271228925619833,-9.308107438016528,0.5310619834710744,121.0,248.8636110832358,251.55888844019182,250.5294124988463,0.5840256141493735,0.305169367646338,17.47076988536955
1996-11-01,254.7444090909091,4.245740151515151,0.6154318181818182,0.6170568181818182,113.79655681818181,0.29598711829545454,-8.036818181818182,0.5442590909090909,88.0,249.11125538919865,250.68810945508534,250.5190754368198,0.5850649592129121,0.2982128875849377,17.53669137990581
1996-12-01,262.64010344827585,4.377335057471265,0.6036896551724138,0.5354396551724139,116.88606896551724,0.36123028275862074,-11.234275862068966,0.5947758620689655,29.0,251.5877466487772,250.26798146445103,251.73620466095772,0.5867429165883911,0.28681367503704497,17.13645600312652
1997-01-01,240.79893290734825,4.013315548455804,0.5921963791267306,0.594177933972311,117.26810969116082,0.3190695187859425,-9.448488817891374,0.5629920127795527,939.0,251.54568575383462,249.84512010501052,251.7865800402803,0.5860474562985555,0.28783299674693424,17.16458901646111
1997-02-01,222.559,3.709316666666667,0.540280487804878,0.4923817073170732,124.8468536585366,0.35169853536585366,-11.177585365853659,0.46530365853658534,82.0,249.15335962214738,249.43237520705134,250.97861204028035,0.5805317356320896,0.29152260288338916,19.098609712291477
1997-03-01,265.5327373737374,4.425545622895623,0.5944040404040404,0.6829515151515152,119.67220202020202,0.2789988686868687,-7.670424242424242,0.5827272727272726,99.0,254.00956301135076,250.20123941725367,250.89588724064072,0.5872448928452468,0.2791579212446575,14.277830891515324
1997-04-01,234.64544210526316,3.9107573684210526,0.5719578947368421,0.6017526315789473,124.66531578947368,0.2878185084210526,-8.911936842105263,0.6091557894736842,95.0,251.1891505201227,249.8975134081951,250.83122479774104,0.5860607174066503,0.28265494661307855,14.498398204481443
1997-05-01,240.46400925925926,4.007733487654321,0.5025555555555555,0.5850058333333333,116.61744444444444,0.29810355138888883,-9.58673148148148,0.4878851851851852,108.0,249.74593538263673,249.63876596108082,250.97072300761755,0.5855962182484011,0.2795373254220011,14.643645271331907
1997-06-01,249.00109174311925,4.150018195718655,0.5968256880733945,0.5980091743119266,117.14847706422017,0.3171046972477064,-9.155311926605505,0.5675284403669725,109.0,247.80286060036042,249.6152223830992,250.97674167281977,0.5860907502255318,0.28546529730315057,12.80820234884403
1997-07-01,237.23886274509806,3.953981045751634,0.6042078431372548,0.5373333333333333,122.09735294117647,0.36801367470588237,-10.6678431372549,0.5356686274509803,51.0,245.72130749578528,250.17624530657415,251.00190911703888,0.5820519362277105,0.30110399531104814,12.271076055789415
1997-08-01,265.2195283018868,4.4203254716981135,0.5296952830188679,0.6056,114.38708490566039,0.34680664150943397,-8.776169811320754,0.46879811320754716,106.0,246.82710642290328,250.5284618932156,251.1327022810447,0.5746383078518319,0.3090529301427167,13.426851066241626
1997-09-01,254.01157046979867,4.233526174496644,0.5640671140939598,0.620765100671141,118.01758389261744,0.26592834429530204,-8.155241610738255,0.5322295302013422,149.0,248.07615783802217,250.4030433800801,250.6063308084825,0.5763076603829177,0.3127893358931004,13.331690858012003
1997-10-01,240.4350661764706,4.007251102941176,0.5597058823529412,0.6878676470588235,112.74176470588235,0.2143364944117647,-7.669301470588236,0.5311470588235294,136.0,247.2742294684305,249.6281963677407,250.4131585169283,0.5729181368048913,0.30875801965606425,13.490112498990644
1997-11-01,272.73677966101695,4.545612994350282,0.6060355932203391,0.5988759322033899,118.7299406779661,0.2492853152542373,-8.920440677966102,0.5321762711864406,118.0,248.77359368260622,250.26324580276892,250.87750227008613,0.5721351180581015,0.3048662027359628,15.277360700623529
1997-12-01,223.09528571428572,3.7182547619047623,0.5942857142857143,0.5535714285714286,106.69128571428571,0.34255714285714284,-8.954285714285714,0.5937142857142856,7.0,245.47819220477368,248.62082966520282,250.86492128319864,0.5713514563175431,0.303310107744173,16.248509318983018
1998-01-01,249.49204260355032,4.158200710059171,0.5877700591715976,0.6036454082840237,118.41992662721894,0.2838293470650888,-9.180713609467457,0.543634201183432,845.0,246.2026180127905,248.77803028845918,250.92636158357436,0.5709825963212821,0.30037342676743517,16.214675228478043
1998-02-01,235.55020253164557,3.9258367088607593,0.5453164556962025,0.6299265822784811,119.83286075949367,0.28225443037974685,-8.178784810126583,0.541046835443038,79.0,247.28521822376095,248.3546234747247,250.66386443826843,0.5714022603122259,0.2945864180185929,14.870537144611161
1998-03-01,260.3654888888889,4.339424814814815,0.6185222222222222,0.6342133333333333,117.67155555555556,0.22518124888888888,-7.960355555555556,0.5574311111111111,90.0,246.85461418335694,248.50854050479245,250.64020495075772,0.5734121087970743,0.2901016163687613,14.36016621874796
1998-04-01,260.42725263157894,4.340454210526316,0.5960063157894737,0.6093264210526316,117.65264210526315,0.30805421052631576,-9.764252631578948,0.49965894736842104,95.0,249.00309839388328,248.71121914932039,250.56460806838783,0.5754161438847936,0.29178792487753324,14.295959158605932
1998-05-01,234.2619677419355,3.9043661290322578,0.6481290322580645,0.5518387096774193,116.67889247311828,0.29473594731182795,-8.860537634408601,0.5021483870967741,93.0,248.4862616007729,248.82817872334851,250.15378781530626,0.587547266943336,0.2915072912044448,14.738010157135172
1998-06-01,232.41535416666667,3.8735892361111115,0.5915729166666667,0.5655607291666667,113.69640625,0.3563624166666666,-9.245927083333333,0.5669854166666667,96.0,247.10411680273523,248.33352273639568,249.65606616706367,0.5871095359927754,0.2947787678226915,15.446045395850048
1998-07-01,235.50180555555556,3.9250300925925927,0.6106499999999999,0.6928333333333333,120.22356481481482,0.2221423777777778,-8.059148148148148,0.6065055555555555,108.0,246.95936203694,247.99459864303148,249.27128663002662,0.5876463823980042,0.28262282641201614,15.554661515341566
1998-08-01,277.00229591836734,4.616704931972789,0.5642142857142857,0.6765397959183673,114.64512244897959,0.23739228877551022,-8.397030612244897,0.5354,98.0,247.94125933831336,249.10934815651842,249.82649468699938,0.5905229659559555,0.27350496368418914,17.10661004588124
1998-09-01,246.02748691099475,4.100458115183246,0.5966596858638744,0.6074575916230367,119.66281675392669,0.25378545157068066,-8.17503664921466,0.5070005235602094,191.0,247.2759190417464,248.39653328099314,249.96751887361123,0.5932390136034484,0.27249305595713735,17.00400726841659
1998-10-01,239.82643548387097,3.997107258064516,0.6062419354838711,0.6233797580645162,118.86938709677419,0.3007005435483871,-8.99658870967742,0.5841129032258066,124.0,247.2251998173631,247.78768012300984,249.83521892127382,0.597117018031026,0.27969006005185587,17.0271589556376
1998-11-01,263.57221875,4.3928703124999995,0.5780274999999999,0.650335,121.84266875,0.2489411520625,-8.3590875,0.539918125,160.0,246.46148640811165,248.11544515997215,249.45988169119477,0.5947830102626644,0.2796613797858778,15.950351340995812
1998-12-01,213.89580952380953,3.5649301587301587,0.6557571428571428,0.5122923809523809,128.39871428571428,0.467732380952381,-8.464142857142857,0.7780571428571428,21.0,245.69486339223866,247.58693408192983,248.3953999980731,0.5999056293102835,0.29009264962714765,17.33635757276993
1999-01-01,248.7783406451613,4.146305677419355,0.5934938064516129,0.6354127483870968,121.95313548387095,0.2779571824516129,-8.241363870967742,0.590709935483871,775.0,245.6353882290396,247.79456399855493,248.27467331137234,0.6003826082502847,0.2896033025760247,17.323365847806237
1999-02-01,238.07667272727275,3.9679445454545457,0.6559818181818182,0.65739,113.00560909090909,0.20937674545454543,-7.7229090909090905,0.5857881818181818,110.0,245.84592741200854,247.42816841930562,248.28565425138467,0.6096047217907526,0.2835301621655912,17.2045985813024
1999-03-01,237.99326851851853,3.9665544753086417,0.6111944444444445,0.6444136111111112,124.90368518518518,0.24970314685185185,-8.048074074074075,0.5946046296296296,108.0,243.98157571447766,248.28191763639512,248.28798162991913,0.6089940736426046,0.28557365366250476,16.692723605246986
1999-04-01,246.83713888888892,4.1139523148148145,0.6116486111111111,0.6308208333333334,111.91547222222222,0.2444462638888889,-7.719,0.5267791666666667,72.0,242.84906623592016,247.68043838330868,248.30894097087773,0.6102975982527409,0.28027299144271917,15.918600481329408
1999-05-01,238.37026126126128,3.972837687687688,0.536190990990991,0.558875045045045,114.07352252252252,0.3203379138738739,-9.972387387387387,0.4269216216216216,111.0,243.1914240291973,247.1412070042023,248.11879670264256,0.6009694281471515,0.28240648865622303,15.760523702876377
1999-06-01,242.0071470588235,4.033452450980392,0.49801647058823534,0.7348290588235294,121.7201294117647,0.2049338594117647,-6.658976470588236,0.5280723529411765,170.0,243.9907401035437,246.2992391688798,247.9881048111153,0.5931730576406156,0.2697874422183145,15.403503548626711
1999-07-01,235.44610958904107,3.924101826484018,0.6060821917808219,0.5413383561643835,119.55752054794522,0.35918435616438354,-9.04554794520548,0.6169191780821918,73.0,243.9860987730008,245.55558943524204,248.29483934593267,0.592792406955684,0.281207607083865,15.40630207434036
1999-08-01,248.73980303030305,4.145663383838384,0.6053636363636363,0.5885381818181817,116.33519696969698,0.31705865454545457,-9.614242424242423,0.5072454545454546,66.0,241.6308910323288,245.46641893118183,248.23150721005777,0.5962215195097966,0.28784647089802706,11.587061624021642
1999-09-01,222.50028813559322,3.7083381355932206,0.5834999999999999,0.5829762711864407,126.84040677966101,0.38594931525423726,-8.638661016949152,0.5651389830508475,118.0,239.67029113437866,245.00745600471575,247.6310680632731,0.5951248790211404,0.2988601262049901,12.711420978509596
1999-10-01,244.54228658536584,4.075704776422764,0.6170914634146342,0.6686354085365853,119.3097743902439,0.2136698,-8.125993902439024,0.5754213414634146,164.0,240.0632787261699,244.85423600398786,247.234613529351,0.596029006348704,0.2916075642426245,12.789346219237485
1999-11-01,257.81913978494623,4.296985663082437,0.5652688172043011,0.7232215053763441,114.52439247311828,0.1548091746236559,-7.0216935483870975,0.49597741935483874,186.0,239.5838554790821,244.9396451899333,247.36701585910012,0.5949657827823958,0.2837632327893875,11.905244547017247
1999-12-01,250.65667391304348,4.177611231884058,0.5802391304347826,0.5620402173913044,116.52997826086957,0.3521982630434783,-9.668804347826086,0.48305434782608697,46.0,242.64726084485156,244.60677214728796,246.84092264653972,0.5886726150805325,0.27413538963031225,9.091462022729475
2000-01-01,238.77941336633663,3.9796568894389437,0.589480198019802,0.6135841584158416,120.73998143564356,0.29671415931930695,-8.475461633663366,0.5704894801980198,808.0,241.81401690494954,244.5506743822599,246.75669919987334,0.5883381477112148,0.27569847103595346,8.935323455796377
2000-02-01,240.83313157894736,4.013885526315789,0.6332456140350877,0.692180701754386,119.01312280701754,0.2104535365789474,-7.802771929824561,0.6046236842105263,114.0,242.04372180925577,245.05828914834171,246.59070392908768,0.5864434640323206,0.2757882036296536,8.865670667654252
2000-03-01,241.32804285714286,4.022134047619048,0.5370628571428572,0.5805585714285714,115.61067142857144,0.36351632857142857,-9.228585714285714,0.5567385714285714,70.0,242.3216196708078,244.3859365228808,246.36576337993256,0.5802658317571884,0.28527263543961834,8.779006871275579
2000-04-01,244.89325333333332,4.081554222222222,0.598324,0.5181988000000001,110.82482666666665,0.40372248,-10.773213333333333,0.5032506666666666,75.0,242.1596292078448,244.67059794588275,246.22847057834525,0.5791554474979291,0.29854565344887757,8.705740389740903
2000-05-01,265.6304786324786,4.427174643874643,0.5723,0.7166162393162393,118.48410256410256,0.1633262606837607,-6.5464700854700855,0.5435564102564102,117.0,244.4313139887796,245.3696665395833,246.8214548376045,0.5821645315820132,0.28546134901636816,10.905727917105454
2000-06-01,239.967046875,3.99945078125,0.58446875,0.69491640625,123.0089453125,0.206930818125,-6.712125,0.563496875,128.0,244.26130564012763,245.11872084880218,246.65052279057167,0.5893688881996603,0.2856277622424711,10.962706106352378
2000-07-01,238.51198571428571,3.975199761904762,0.5976142857142857,0.5331914285714285,118.49888571428572,0.35572411542857146,-8.704228571428573,0.4774328571428571,70.0,244.51679531723138,245.1540853757241,246.49733800386534,0.5886632293607822,0.2853394088478201,10.772666907950297
2000-08-01,233.8674111111111,3.897790185185185,0.5926777777777777,0.5738811111111111,115.4717111111111,0.33639863555555555,-9.119277777777778,0.5277811111111111,90.0,243.27742932396538,244.28319323153585,246.4472729651699,0.5876060744786273,0.28695107393199515,11.093393318252204
2000-09-01,231.4508448275862,3.85751408045977,0.5868103448275861,0.6305568965517241,115.42405172413794,0.3015883731896552,-8.057870689655172,0.5525344827586206,116.0,244.02330904829807,243.65650640814107,245.77664000513127,0.5878819365475928,0.27992099542661336,9.794245038324831
2000-10-01,242.46268867924528,4.041044811320755,0.5912216981132076,0.6671575471698113,118.21375943396227,0.23805554339622642,-7.810466981132075,0.5418320754716981,212.0,243.85000922278803,243.7128292554404,245.4552656635975,0.5857261227724739,0.28195314070963223,9.802622092983446
2000-11-01,218.32852702702704,3.6388087837837833,0.6042635135135135,0.5910317567567568,120.13337162162163,0.3016379874324324,-7.872533783783783,0.5968797297297297,148.0,240.55912482629478,242.20148890449616,244.89786315705865,0.5889756807982417,0.29418887511036357,11.213854265429871
2000-12-01,229.70478260869567,3.828413043478261,0.5730652173913043,0.5332,110.55780434782608,0.42951958695652176,-9.946978260869566,0.5132282608695652,46.0,238.81313388426585,242.38508604045202,244.84423939498137,0.5883778547112851,0.30063231876978386,11.129527627528041
2001-01-01,236.47930129589633,3.9413216882649387,0.594695788336933,0.637306717062635,118.2651101511879,0.27285772478401726,-8.113550755939524,0.5824719222462204,926.0,238.62145787839577,242.02362100412833,244.763833355802,0.5888124872377127,0.2986442825585097,11.14994903581301
2001-02-01,269.38528846153844,4.489754807692308,0.6555384615384615,0.7108269230769231,122.49509615384615,0.16339972692307692,-6.762634615384615,0.599173076923077,52.0,241.00080428527838,242.9634845021809,245.0658062704902,0.5906702245296606,0.29472313175385384,14.273692578932879
2001-03-01,236.491595505618,3.9415265917602995,0.6013146067415731,0.6239662921348315,117.06067415730337,0.2760363753932584,-7.972797752808988,0.5285910112359551,89.0,240.59776700598465,242.30032079709002,245.55302791719558,0.5960245369962202,0.287433135655673,14.331776228083235
2001-04-01,230.16707462686566,3.8361179104477614,0.5584029850746269,0.6792223880597015,122.38267164179103,0.2615125725373134,-6.885492537313432,0.5317194029850746,67.0,239.37058544711235,241.4597602969591,244.91430596097663,0.5926977857524391,0.2755823100337825,14.559203131754291
2001-05-01,257.1707476635514,4.286179127725857,0.5464299065420561,0.6731906542056075,119.84730841121495,0.17891177289719626,-7.577644859813084,0.4843420560747663,107.0,238.66560786636842,242.09611529478175,244.90410857355099,0.5905419446309438,0.2768811027182354,13.324530414038522
2001-06-01,226.52708450704228,3.7754514084507043,0.5998169014084508,0.676281690140845,118.27149295774647,0.2601822718309859,-7.526352112676056,0.6122112676056338,71.0,237.54561100237194,241.93255224868108,244.1409268298278,0.5918209572483147,0.2813187238604009,13.76283370811141
2001-07-01,233.92037142857143,3.8986728571428575,0.5554828571428572,0.6129219047619048,116.30975238095238,0.28425434285714285,-8.544485714285715,0.5454342857142858,105.0,237.1629764785624,241.88862352293154,243.669308020304,0.5883100048673623,0.2753629094794485,13.797308960894913
2001-08-01,254.8012222222222,4.246687037037037,0.5988282828282828,0.6224878787878788,118.21333333333334,0.21782341313131315,-8.105242424242425,0.5134969696969697,99.0,238.90746073782165,241.271927031372,243.71682937106652,0.5888225469549044,0.26548164094409504,14.640390388607765
2001-09-01,240.11413750000003,4.001902291666666,0.5612125,0.711175,114.40972500000001,0.22710366375,-6.396956250000001,0.521531875,160.0,239.62940179385615,241.10766732551096,243.7350157712603,0.5866893932192723,0.2592745818241237,14.451649479161887
2001-10-01,251.72250735294116,4.195375122549019,0.55135,0.5806584705882353,121.86822794117649,0.3358245488235294,-9.913536764705881,0.47250000000000003,136.0,240.40105334999748,241.43811376631845,243.76275411694982,0.5833667517098383,0.2674219989430657,14.858184868198709
2001-11-01,246.62722627737227,4.110453771289538,0.5519124087591241,0.563178102189781,114.37413138686131,0.39240053284671533,-9.6277299270073,0.474992700729927,137.0,242.75927828752626,240.96741953096773,243.62746773672418,0.5790041596469725,0.2749855443942559,13.18834315227858
2001-12-01,249.76784313725489,4.162797385620915,0.7275627450980392,0.6323529411764706,110.18929411764707,0.24975280392156862,-6.503019607843137,0.6378999999999999,51.0,244.43119999823952,241.96386490911897,243.41293006487385,0.5918789536225337,0.26000497914134313,12.643405048655188
2002-01-01,234.47746031746033,3.907957671957672,0.6027978021978022,0.6489202197802197,120.74124297924297,0.28262226181929184,-7.478643467643468,0.5874407814407814,819.0,244.26437991670318,241.5666182333495,243.30757218837573,0.5925541214442728,0.26081869056094936,12.770430678482164
2002-02-01,230.19048717948718,3.8365081196581197,0.5555341880341881,0.563931623931624,112.73505128205129,0.38439300811965815,-9.094162393162394,0.4916820512820513,117.0,240.99814647653224,241.3475575236888,243.43476364136717,0.5842204319855834,0.2792347973273311,10.586947095729572
2002-03-01,225.21989855072465,3.7536649758454104,0.5589275362318841,0.6474801449275362,115.8066231884058,0.24612020289855072,-7.295797101449276,0.5987057971014492,69.0,240.05883839695775,240.99274169125005,242.76288299431695,0.580688176109776,0.27674178295277213,11.485067169709453
2002-04-01,254.96079729729726,4.249346621621621,0.5810405405405406,0.572014864864865,123.51537837837839,0.3690943243243243,-8.441432432432432,0.5329486486486487,74.0,242.12498195282708,241.21839886926142,243.1014722475175,0.5825746390652687,0.2857069289350231,11.770411459103949
2002-05-01,254.05207368421054,4.234201228070176,0.5444842105263158,0.6018958947368421,121.24847368421052,0.3056910010526316,-8.75478947368421,0.455798947368421,95.0,241.86509245454866,241.65400476989893,243.3279399879334,0.5824124977306236,0.29627186461464267,11.437730169819963
2002-06-01,238.5878095238095,3.976463492063492,0.6104603174603175,0.7012539682539682,125.73981746031747,0.171229685,-6.911539682539683,0.5724388888888889,126.0,242.8701528726126,241.55902317170407,243.15438528427825,0.5832994490682792,0.28885914904539384,10.45511064284975
2002-07-01,250.19214788732393,4.169869131455399,0.5638169014084506,0.7213521126760564,118.53159154929578,0.19354444035211268,-5.82518309859155,0.4862345070422535,142.0,244.2261342441753,241.96863534665636,243.370273369982,0.5839939527570788,0.28129999050330795,10.241854951998613
2002-08-01,256.194523364486,4.269908722741433,0.5372897196261682,0.6319269158878504,118.36139252336449,0.32510467943925236,-8.078859813084112,0.5218065420560748,107.0,244.34224267269727,242.17571091149478,243.2198566210253,0.5788657391569024,0.29024009602896955,10.37961113223776
2002-09-01,222.57292079207923,3.709548679867987,0.5468118811881189,0.6820198019801981,119.29218811881188,0.35398638118811887,-7.176019801980198,0.5504405940594059,101.0,242.8804746137039,242.17772848528602,242.69587912639662,0.5776656875892457,0.3008136558154795,12.118674212336638
2002-10-01,251.9227007874016,4.198711679790026,0.5888976377952756,0.728503937007874,121.56677952755905,0.1478845368503937,-6.392031496062992,0.5279795275590551,127.0,242.89715739990893,242.38273999089813,242.88733970324546,0.5807946574055188,0.2851519881510515,12.132083245909943
2002-11-01,236.1011629213483,3.935019382022472,0.5517752808988764,0.6459162921348315,113.97380898876405,0.25321418651685396,-7.458769662921348,0.5068606741573034,178.0,242.01998545357364,241.77946285579824,242.2767460909177,0.5807832300838315,0.2735531259568964,12.218097018853717
2002-12-01,257.34,4.289000000000001,0.5089045454545454,0.5957909090909091,116.9405681818182,0.37718499999999994,-10.014522727272727,0.5243840909090909,44.0,242.65099852546902,241.96511080265813,242.8474913290129,0.5625617134468736,0.284172475630099,12.83459904617428
2003-01-01,239.49561992619928,3.991593665436654,0.598379950799508,0.6565178474784747,120.79089298892988,0.2665432633456335,-7.417246002460024,0.5736070110701107,813.0,243.06917849286393,241.98500542932095,242.6808842843904,0.5621935591636825,0.2828325590906275,12.62410195863458
2003-02-01,244.94838541666664,4.0824730902777775,0.6477083333333333,0.7134604166666666,114.72442708333334,0.17608167708333333,-5.850874999999999,0.5880729166666666,96.0,244.29900334596223,242.09931803592428,242.83752066580743,0.5698747379386112,0.2654732815042671,11.956620651975205
2003-03-01,233.86834074074073,3.8978056790123454,0.5649111111111111,0.7232518518518518,127.30352592592591,0.1971175562962963,-6.713066666666667,0.5372244444444445,135.0,245.0197068617969,241.8921040882464,242.39590153000492,0.5703733691785468,0.26138972762074586,10.917550805390457
2003-04-01,236.40325,3.9400541666666666,0.5149772727272727,0.7241261363636364,129.6650909090909,0.1624100603409091,-6.551681818181819,0.44165227272727275,88.0,243.47324458702212,241.6562706623205,241.99550148614532,0.5648680968607744,0.24416603895546127,10.693420128403151
2003-05-01,231.7031401869159,3.861719003115265,0.49359439252336446,0.710196261682243,126.80311214953272,0.18607915962616822,-7.137551401869159,0.44400467289719625,107.0,241.6108334622476,240.7138445943882,241.95285436022832,0.5606272786938619,0.234198385503256,10.629471912896507
2003-06-01,259.5244871794872,4.325408119658119,0.587017094017094,0.5936642735042735,119.52696581196582,0.24153420316239316,-7.76468376068376,0.522842735042735,117.0,243.35555660022075,241.25710682506846,242.40467324377533,0.5586736767402599,0.2400570953501221,11.747626508627354
2003-07-01,226.58322388059702,3.776387064676617,0.4977059701492537,0.5739940298507462,117.88531343283582,0.3109326089552239,-8.625328358208955,0.40068358208955224,67.0,241.3881462663268,240.92575232968815,242.25603021585934,0.5531644324686601,0.2498394427337147,12.454271767390379
2003-08-01,251.41641666666666,4.190273611111111,0.5779375,0.7546538541666666,121.52499999999999,0.19038191770833335,-6.7758125,0.5597322916666666,96.0,240.9899707081752,241.41322470623138,241.82959889499767,0.5565517474998128,0.2386125459228048,12.006182562497926
2003-09-01,262.07467407407404,4.3679112345679005,0.591562962962963,0.6752888888888889,119.74714814814814,0.2559095859259259,-7.1979037037037035,0.5406896296296296,135.0,244.28178348167478,242.26388662974492,242.0970520143823,0.5602810043143832,0.23043947965095538,11.912473330508929
2003-10-01,238.78916129032257,3.9798193548387095,0.5728467741935483,0.6158217741935484,119.1123064516129,0.2935255653225806,-7.459556451612904,0.5417016129032258,124.0,243.1873218569182,242.16184420227486,242.07976411115652,0.5589434323475726,0.24257623202363762,11.748842711433975
2003-11-01,262.07256179775277,4.367876029962547,0.535773595505618,0.6554612359550562,118.18799438202247,0.2656346664606742,-8.378853932584269,0.4662123595505618,178.0,245.35160509661856,243.3769562792395,242.05476982861907,0.557609958564801,0.24361127201895597,12.680039903511556
2003-12-01,222.92653488372093,3.7154422480620153,0.6110697674418605,0.6425046511627908,116.57074418604653,0.342829511627907,-8.103581395348838,0.5393813953488372,43.0,242.48381633692864,243.1886716202124,242.2052819179509,0.5661237270637439,0.24074831465461488,13.58170274755596
2004-01-01,230.77593706293706,3.8462656177156176,0.5957536130536131,0.6680164568764569,121.15124009324009,0.2524034574009324,-7.101092074592074,0.5464835664335664,858.0,241.7571760983235,243.03024483596357,241.9052418582472,0.5659048655849194,0.23956999749255645,13.983425876312591
2004-02-01,238.65567032967033,3.977594505494505,0.5893296703296703,0.6037054945054945,118.64072527472528,0.34395222417582416,-7.3823956043956045,0.6074252747252747,91.0,241.2327831744071,242.17664433230053,241.91489181828717,0.5610399770012807,0.253559209750264,13.97085881878057
2004-03-01,231.34735714285716,3.855789285714286,0.5974642857142857,0.6110099999999999,119.17946428571429,0.3069725757142857,-8.498278571428571,0.5492721428571429,140.0,241.0227012079168,242.03374882222383,241.80412662869279,0.5637527415515453,0.26271379470176315,14.109928418580157
2004-04-01,240.36144776119403,4.006024129353234,0.5648059701492537,0.6922089552238806,125.02246268656715,0.21374829402985074,-6.743313432835821,0.5516388059701492,67.0,241.35255102134965,242.31692585373295,241.69619844323122,0.5679051330033771,0.2669919808425083,14.03820499927197
2004-05-01,232.4395568181818,3.873992613636364,0.5015454545454546,0.607425,122.28211363636365,0.3893293340909091,-9.164477272727273,0.4320943181818182,88.0,241.4139190739551,241.6299483302505,241.5973533691799,0.568567721505218,0.2839294953812367,13.993726969210423
2004-06-01,222.59986274509805,3.7099977124183003,0.4885098039215687,0.712378431372549,126.69966666666667,0.23816856637254902,-6.906509803921568,0.47340882352941177,102.0,238.33686703775604,241.5208588368631,241.27389863061777,0.5603587806639241,0.28364902564874966,13.706088186096146
2004-07-01,248.5045612244898,4.14174268707483,0.5811448979591837,0.669795918367347,118.82702040816328,0.253878575,-7.089581632653061,0.5494714285714286,98.0,240.1636451497471,241.92597522008307,241.4915394912086,0.5673120246480851,0.27889452281914767,13.45569783123044
2004-08-01,256.52672072072073,4.275445345345346,0.5490990990990992,0.6691360360360361,122.76742342342342,0.27041260729729727,-7.195684684684685,0.48534324324324324,111.0,240.58950382091828,241.97390573393028,241.62132145271556,0.56490882457301,0.28556374695156134,13.917167140604791
2004-09-01,257.581036231884,4.293017270531401,0.5215434782608696,0.6990565217391305,131.74121739130436,0.18386016376811595,-6.61313768115942,0.508345652173913,138.0,240.21503400073576,242.4590973653715,242.20600058765373,0.559073867514502,0.2795596284384105,13.334779728643685
2004-10-01,240.47724545454545,4.007954090909091,0.5541363636363636,0.6804672727272727,121.37875454545456,0.23825746909090909,-7.316036363636364,0.5255790909090908,110.0,240.35570768108767,242.14672897930495,242.13824990214007,0.5575146666347367,0.27495395375243786,13.327272200519003
2004-11-01,240.22203680981596,4.003700613496933,0.5963312883435583,0.6695932515337423,117.33140490797547,0.256157309202454,-7.053999999999999,0.5335730061349694,163.0,238.5348305987596,241.96880704965062,241.8449648525546,0.5625611410378984,0.2741641739809195,11.45103021313708
2004-12-01,260.813875,4.346897916666666,0.47515625,0.43435625,117.9745,0.46602268750000003,-12.6068125,0.428196875,32.0,241.69210894178286,242.2756412680602,242.0142515373372,0.55123501458441,0.28443027197026066,11.967771373926718
2005-01-01,235.29466790582404,3.921577798430401,0.5875638166047088,0.6530691078066915,120.93761214374226,0.2513766801982652,-7.378775712515489,0.5481791821561338,807.0,242.06866984535677,242.29834147884807,241.95617244632865,0.5505525315470013,0.2843447072033717,11.660211810781737
2005-02-01,212.71438709677417,3.5452397849462365,0.5946290322580645,0.5596064516129032,127.00122580645161,0.3702703629032258,-9.148112903225806,0.6096290322580644,62.0,239.90689624261543,241.81289425432826,241.4875267049591,0.5509941450410342,0.2865378854306551,14.426970017898645
2005-03-01,257.4424285714286,4.290707142857142,0.5723238095238096,0.7129867619047618,116.01598095238096,0.18729659571428572,-6.758704761904762,0.5134561904761905,105.0,242.08148552832972,242.70796453268116,241.75609980019718,0.5488991053584945,0.2765648870973218,14.975723459795066
2005-04-01,238.46803749999998,3.9744672916666666,0.6208875,0.6678625,121.34259999999999,0.259865441125,-7.4342,0.6496375000000001,80.0,241.9237013398969,242.2498323160896,241.6490128696416,0.5535725661793901,0.2804079826885843,15.005438259991113
2005-05-01,227.24823015873017,3.787470502645503,0.5328515873015873,0.6593968253968254,124.4798253968254,0.20896727777777777,-7.5618412698412705,0.5156301587301587,126.0,241.4910907849426,241.50528110704843,241.0093087284125,0.5561814105757344,0.26537781132915667,15.374032373074721
2005-06-01,256.50529824561403,4.275088304093567,0.5620964912280701,0.6929011403508771,124.0398596491228,0.20894198333333333,-7.314956140350877,0.5251026315789473,114.0,244.31654374331893,242.00298912709857,241.28494625125603,0.5623136345179429,0.26294226274255533,14.686788439306774
2005-07-01,233.33588235294116,3.8889313725490195,0.5790588235294117,0.688364705882353,126.00832352941177,0.24241735980392157,-6.949754901960785,0.5505794117647059,102.0,243.0524871706899,241.53475952892126,241.19867786190028,0.5621397949821286,0.2619871614762155,14.944079603619207
2005-08-01,249.29803030303032,4.154967171717171,0.5462121212121211,0.6591888888888888,125.33723232323233,0.22718368585858587,-7.168010101010101,0.47215858585858583,99.0,242.45009630254899,241.34319027721418,241.4558548484323,0.561899213491547,0.2583847513563229,14.490366735284093
2005-09-01,226.95182911392408,3.7825304852320674,0.5233860759493671,0.6658550632911393,126.02522151898735,0.25404462848101267,-7.0718924050632905,0.4927512658227848,158.0,239.89766237605235,241.46482661948767,241.3808712532046,0.5620527632989218,0.26423345674906423,14.278877994718538
2005-10-01,253.79805454545453,4.229967575757575,0.5657090909090909,0.6408272727272727,127.54079999999999,0.25290835545454543,-7.228763636363636,0.5026027272727273,110.0,241.00772980029478,241.51691977943358,241.5697940176414,0.5630171572383159,0.26545436394603394,14.834995218158209
2005-11-01,231.01783098591548,3.8502971830985917,0.5609788732394366,0.6671197183098592,120.01671830985916,0.28486206535211267,-6.916915492957746,0.4884021126760563,142.0,240.24071264830306,241.37571611456036,241.78128241695623,0.5600711226463057,0.2678464269585055,15.11461933920393
2005-12-01,269.9930105263158,4.499883508771929,0.6617463157894737,0.6478252631578947,113.69905263157895,0.22719959473684212,-7.050968421052631,0.5271326315789473,95.0,241.00564060882934,241.7271886291803,242.4527528822499,0.5756202947954284,0.24794450256157566,16.425843655971423
2006-01-01,230.59892189218922,3.84331536486982,0.5765620462046205,0.6520112321232123,121.98446644664467,0.27895939896589655,-7.170104510451045,0.5319155115511551,909.0,240.6143284410265,241.48005812823556,242.35474655885477,0.5747034805954211,0.2502430624588783,16.628941967642213
2006-02-01,231.92407936507936,3.865401322751323,0.5006507936507937,0.7423650793650793,127.70195238095238,0.17599260603174605,-6.223825396825397,0.5264507936507937,63.0,242.2151361300519,241.11827184902484,241.7303930739138,0.5668719607114819,0.23405324938625496,14.48542056846275
2006-03-01,250.89396296296297,4.181566049382716,0.47746419753086417,0.4894377777777778,119.32244444444444,0.45555942222222223,-11.803925925925926,0.40095925925925924,81.0,241.6694306626798,241.59120579964213,241.97043253153618,0.5589669930454031,0.25640848492858304,13.973935367197354
2006-04-01,265.8898607594937,4.431497679324894,0.5516911392405063,0.6697797468354431,121.6847088607595,0.26330094430379747,-7.527544303797469,0.5143240506329114,79.0,243.9545826009709,242.41027832073917,242.5658123004133,0.5532006296487786,0.25669477686014947,15.555463376495302
2006-05-01,248.50633913043478,4.14177231884058,0.571104347826087,0.6924695652173913,123.41351304347826,0.21866724156521739,-6.155182608695652,0.5504930434782609,115.0,245.7260916819463,242.877033846948,242.42140549152808,0.5563883596924869,0.25750310717576946,14.66490613652428
2006-06-01,236.7658181818182,3.94609696969697,0.5720833333333334,0.7029053030303031,120.8275984848485,0.21516018257575759,-6.29555303030303,0.515644696969697,132.0,244.08113500996328,242.24484859701275,242.59205105277434,0.5572205965345922,0.25802129044597144,14.451419589111875
2006-07-01,239.8839090909091,3.9980651515151515,0.5646363636363637,0.7338181818181818,122.11731168831169,0.16380251285714284,-6.087090909090909,0.5473376623376623,77.0,244.62680390479395,242.61431207507698,242.6914433471466,0.5560187248768382,0.25147005320040655,14.12882934668472
2006-08-01,236.42832653061222,3.9404721088435375,0.5768204081632653,0.6516163265306123,115.36771428571429,0.2620526918367347,-7.106979591836735,0.5369316326530612,98.0,243.5543285904258,242.19797623796435,242.3852284189531,0.5585694154561002,0.25437580369858565,14.230103306906004
2006-09-01,249.10721296296293,4.151786882716049,0.6132407407407408,0.566112962962963,117.01001851851852,0.3608302166666667,-8.749361111111112,0.4962490740740741,108.0,245.4006105778457,241.83776898487793,242.5351130100025,0.5660573041887146,0.26327460271405684,13.28615373318484
2006-10-01,230.63471844660194,3.8439119741100325,0.544368932038835,0.6929922330097088,126.68046116504854,0.2044472274271845,-6.068800970873786,0.48478155339805823,206.0,243.47033256960796,241.61125668366347,242.1836498615635,0.5642789576161934,0.2592361753784434,13.633326540681733
2006-11-01,230.1358988764045,3.8355983146067416,0.5741573033707865,0.6950932584269663,121.9208764044944,0.25053051685393257,-6.314247191011235,0.5404235955056179,89.0,243.39683822714872,240.72412715807047,241.90879440488072,0.5653771601271392,0.25637521300359506,13.708726575100458
2006-12-01,251.31558139534883,4.188593023255814,0.6587906976744186,0.5840697674418605,115.92041860465115,0.3483813953488372,-8.309651162790697,0.565,43.0,241.84038579956814,241.51271178339346,241.93459004251562,0.5651308586175513,0.266473696387928,11.255304244119428
2007-01-01,239.23553262316912,3.9872588770528186,0.5650620505992011,0.6790508921438082,123.46720905459387,0.23411282059920108,-6.755628495339547,0.5209464713715046,751.0,242.56010336048314,241.74770054895544,242.01389124761076,0.564172525650433,0.26273648152403667,10.735241195513833
2007-02-01,269.91118181818183,4.498519696969697,0.49574999999999997,0.5982386363636364,116.95161363636363,0.3368852272727273,-8.744340909090909,0.471725,44.0,245.72569523157503,242.61590920141413,242.67590282492236,0.5637641261795334,0.27614419996078515,12.729365700189936
2007-03-01,261.72261627906977,4.362043604651163,0.6066860465116278,0.716953488372093,124.68566279069768,0.22603236627906975,-6.240023255813953,0.5879802325581395,86.0,246.6280830079172,243.45966639964223,243.28428145372808,0.5745326135945971,0.2570169452988557,13.490141550880272
2007-04-01,234.31724528301888,3.905287421383648,0.5460084905660377,0.6790119811320754,119.6667641509434,0.25511824056603777,-7.0408679245283015,0.4975735849056604,106.0,243.997031718211,243.29177188635958,242.9402222534901,0.5740590595383914,0.2563350533207091,12.429051680198759
2007-05-01,236.69414814814814,3.944902469135802,0.5748888888888889,0.6509037037037037,125.90077777777778,0.2570895703703704,-7.19342962962963,0.49252962962962965,135.0,243.0126824696871,243.40995497885862,242.6509234945557,0.5743744379602915,0.2595369140544719,12.506963573591914
2007-06-01,246.01563709677419,4.10026061827957,0.6112935483870967,0.6846870967741936,122.32734677419356,0.18811702258064517,-7.081379032258065,0.5679556451612904,124.0,243.78350071260013,244.0603931552941,242.7747206207718,0.5776419558814384,0.2572833173882125,12.371264394999097
2007-07-01,238.52888194444444,3.975481365740741,0.5340277777777778,0.6684683333333333,126.11020833333333,0.2699793322222222,-7.801284722222222,0.48079375,144.0,243.67058178372807,243.7832909530706,242.58033285505718,0.575091240393223,0.26613138566863576,12.416196187419578
2007-08-01,264.7471411764706,4.412452352941177,0.5784117647058823,0.66496,120.81871764705883,0.2385882035294118,-6.633964705882353,0.49852705882352943,85.0,246.03048300421628,244.01163596573036,242.72287648525693,0.5752238534384412,0.2641760116430255,13.553673419705563
2007-09-01,231.35207878787878,3.8558679797979796,0.5563818181818182,0.6585931515151515,121.99115151515151,0.24840492618181817,-7.508187878787879,0.5032309090909092,165.0,244.5508884896259,243.28305381450798,242.86919578518692,0.5704856098918643,0.25480723743595485,14.143554840589081
2007-10-01,250.49790058479533,4.174965009746589,0.5515555555555556,0.7078187134502925,129.37008187134504,0.2197749914619883,-6.3093099415204685,0.5193988304093567,171.0,246.2061536678087,243.5614053459038,242.84544911514345,0.5710844951849242,0.2560845511055218,13.515209981514484
2007-11-01,252.64450925925925,4.210741820987654,0.5888666666666666,0.6490833333333333,121.06030555555556,0.23338054907407407,-7.3167685185185185,0.512662037037037,108.0,248.08187119971328,243.906474025055,243.12117155410863,0.5723102754595809,0.2546553871238669,12.614023393307777
2007-12-01,239.63695061728396,3.9939491769547324,0.5461925925925926,0.6264135802469136,120.28224691358024,0.315082317654321,-7.435345679012346,0.48354074074074077,81.0,247.10865196820782,243.3182261255351,242.82612073106338,0.5629271000360955,0.25188046398265723,12.791131095693556
2008-01-01,233.99704093567252,3.8999506822612084,0.597966081871345,0.6837533333333333,124.09182807017545,0.2551882260116959,-6.5095766081871345,0.5720476023391813,855.0,246.6721109942498,243.2821809319198,242.73447774788795,0.5656691026421073,0.2536367477670318,13.16809125797992
2008-02-01,252.46124999999998,4.2076875,0.5601875,0.5106083333333333,122.22587499999999,0.38682825833333334,-10.728583333333333,0.4319354166666667,48.0,245.2179500094013,244.38626045700937,242.85969215761014,0.5710388943087742,0.2577986670220823,11.182248955754838
2008-03-01,233.53888750000002,3.8923147916666663,0.5542874999999999,0.6671975,125.66225,0.25930045599999996,-7.231825000000001,0.51524375,80.0,242.8693059444788,243.7222732050253,242.8542012702645,0.5666723487661384,0.26057100783215986,10.327688088973332
2008-04-01,233.23547747747747,3.887257957957958,0.5850810810810811,0.7241297297297298,125.40507207207207,0.21328422342342343,-6.4526666666666666,0.5378315315315315,111.0,242.7791586273504,243.57692431551075,242.80140506155576,0.5699283979757254,0.257084839736942,10.413487516429782
2008-05-01,239.80379487179488,3.9967299145299147,0.5258333333333334,0.6901897435897436,126.1519358974359,0.19214551153846154,-7.007730769230768,0.5240282051282051,78.0,243.03829585432095,243.92569000198475,242.9364159729704,0.5658404350127625,0.2516728348342829,10.286211231636411
2008-06-01,249.10515584415586,4.151752597402598,0.5676103896103897,0.6256383116883116,120.7754935064935,0.2534341577922078,-7.416058441558442,0.4732220779220779,154.0,243.2957557499361,243.72013049083313,242.76276045071486,0.5622001717813702,0.25711592943524647,10.40548089233534
2008-07-01,243.01364948453607,4.0502274914089345,0.5689896907216495,0.6898453608247423,126.4640824742268,0.25491209278350513,-6.689226804123711,0.5301938144329897,97.0,243.66948637827704,243.98895735559972,243.03660087744723,0.5651136645266929,0.2558603261486867,10.298697012398675
2008-08-01,245.49418604651163,4.09156976744186,0.5466279069767441,0.7413488372093023,127.21513953488373,0.1811943046511628,-5.848883720930233,0.49018372093023255,86.0,242.0650734507805,243.88329501514085,242.93789703377797,0.5624650097159313,0.25107750124216593,7.947938947639942
2008-09-01,252.22757608695653,4.203792934782609,0.5769673913043478,0.7044859239130434,124.74189130434783,0.1966571918478261,-6.6454891304347825,0.4955521739130435,184.0,243.80469822570365,244.58539909772506,242.77377873399266,0.5641804741428088,0.24676519004766662,7.6696553292363285
2008-10-01,249.3871848739496,4.156453081232493,0.596126050420168,0.6483602907563025,119.27671428571429,0.2535807369747899,-7.139789915966387,0.5261235294117647,119.0,243.71213858313317,244.46287494018327,242.95041246038645,0.5678946820481932,0.24958233550706674,7.587802014184087
2008-11-01,241.04860135135135,4.0174766891891895,0.5892364864864864,0.652393918918919,120.09437837837838,0.21361079054054055,-6.879783783783783,0.4966391891891892,148.0,242.74581292414084,244.74150745033432,242.60001311961312,0.5679255003665115,0.24793485562927228,7.067363497152224
2008-12-01,238.250875,3.970847916666666,0.611175,0.6165149999999999,110.854575,0.219078595,-7.52675,0.42820749999999996,40.0,242.6303066227005,243.8597814634922,242.85541878821775,0.5733407009837954,0.23993454540807888,7.1338070700553775
2009-01-01,225.89876113360322,3.764979352226721,0.5834919028340081,0.6870481241565453,123.23004318488529,0.24775715264507425,-6.553163292847504,0.5432029689608637,741.0,241.95544997252804,243.72922144242037,242.77413252272885,0.5721345193973507,0.23931528929419374,8.31072361192582
2009-02-01,246.54503508771927,4.109083918128655,0.5241228070175439,0.6709977192982456,123.76242105263157,0.2650403807017544,-7.074754385964913,0.45803157894736846,57.0,241.46243206317135,244.1353591013825,242.90562193536297,0.5691291283154792,0.22916629949156217,7.789999730989836
2009-03-01,236.62634821428568,3.943772470238095,0.5620178571428571,0.6911392857142857,117.78498214285715,0.28878634366071426,-7.2700982142857145,0.5648982142857143,112.0,241.71972045602845,243.73903646947485,242.9936051198868,0.5697733247440507,0.23162345679662166,7.551856091179526
2009-04-01,250.31273134328362,4.171878855721394,0.5717462686567164,0.6760447761194031,131.60164179104476,0.2635770776119403,-6.923432835820895,0.5268179104477612,67.0,243.14282494484564,243.3063384301357,243.15945984625495,0.5686620903753538,0.23581452797899807,7.415527782338742
2009-05-01,242.59205797101447,4.043200966183575,0.5870869565217391,0.6659002898550724,121.72280434782608,0.28342276304347824,-7.056673913043478,0.4961195652173913,138.0,243.37518020311396,243.142052842374,243.32866819880215,0.5737665589743876,0.24342096560441615,7.344737943435788
2009-06-01,248.48270103092784,4.141378350515464,0.5895463917525773,0.6833711340206187,121.81474226804124,0.2297595226804124,-6.622680412371134,0.5168061855670103,97.0,243.32330896867828,243.46752181040483,243.76004883689936,0.5755945591529031,0.24144807934509985,7.302669441532858
2009-07-01,232.733703125,3.878895052083333,0.5590578125,0.645178125,120.94553125,0.24240456359374998,-8.01596875,0.4872,64.0,242.46664677205027,243.26890497801847,243.49720120190784,0.5747669026344323,0.24040578524595357,7.919229830517007
2009-08-01,232.4933006993007,3.8748883449883444,0.5718111888111889,0.6944804195804195,123.81451748251747,0.16999020713286714,-7.010132867132866,0.4696111888111888,143.0,241.38323965978267,243.15959870492648,243.09664420155087,0.5768655094539694,0.2394721104527623,8.345235975592457
2009-09-01,232.79623949579832,3.879937324929972,0.5305966386554621,0.7552319327731093,126.84385714285715,0.16110160819327732,-5.664130252100841,0.47705252100840334,238.0,239.7639616105195,242.70651610861634,242.68356425594942,0.5730012800665623,0.23650914514821655,7.9243284822019096
2009-10-01,240.7458878504673,4.012431464174455,0.5427476635514018,0.6208878504672898,124.59998130841122,0.2671095439252336,-7.275878504672897,0.472785046728972,107.0,239.0438535252293,242.98738192539042,242.68804162921478,0.5685530811608318,0.23763654572742018,7.341537404888103
2009-11-01,240.15031547619046,4.002505257936508,0.5502809523809523,0.6444378571428571,124.43214285714285,0.2959267303571429,-7.447291666666667,0.5114910714285714,168.0,238.9689963689659,243.26556016427332,242.68684627365434,0.5653067866520373,0.24449620737880373,7.3237961295389145
2009-12-01,238.22535384615384,3.9704225641025643,0.5719584615384615,0.5680292307692307,125.11564615384616,0.35359875384615386,-8.37456923076923,0.4525215384615385,65.0,238.96686960614542,242.90194273235122,242.31037092109025,0.5620387417802424,0.25570622061598325,7.324027325064891
2010-01-01,227.83459686609686,3.7972432811016144,0.5833223646723646,0.6908636897435897,125.1931168091168,0.23647886868945867,-6.762220797720797,0.5409947293447294,702.0,239.12818925051988,242.5852500724326,242.18603640376148,0.5620246136001055,0.2547663636196819,7.0252459537535215
2010-02-01,232.72089719626166,3.878681619937695,0.6038728971962617,0.6528654205607477,128.91956074766355,0.2098393925233645,-7.3682616822429905,0.562055046728972,107.0,237.97617775956505,241.55218661071254,242.51947823875292,0.568670454448332,0.25016628127148277,6.829169465078206
2010-03-01,249.3167281553398,4.155278802588997,0.585116504854369,0.6827417475728156,115.53694174757281,0.21402574611650488,-6.6493689320388345,0.5320077669902913,103.0,239.0337094213196,241.20757860727565,242.38404989848476,0.5705953417576246,0.243936231476132,7.546092765619877
2010-04-01,243.9086136363636,4.065143560606061,0.5414431818181819,0.7582840909090909,126.92154545454545,0.19384048488636363,-5.993602272727273,0.520578409090909,88.0,238.5000329457429,241.47400550597968,242.47472616742417,0.5680700845210801,0.23812484874900056,6.872271722611457
2010-05-01,258.10239393939395,4.301706565656566,0.551439393939394,0.6817234848484848,122.58014393939393,0.19787466356060607,-6.773234848484848,0.472130303030303,132.0,239.79256094310787,242.06867900018096,242.98896223043525,0.5650994543058846,0.23099584045876123,8.87780505814019
2010-06-01,250.44433613445378,4.1740722689075636,0.5748,0.7135232773109245,116.60505882352942,0.2408143781512605,-6.2897647058823525,0.501418487394958,119.0,239.95603053506838,242.19169841789426,242.88794619524924,0.5638705883265032,0.23191707841466525,9.068380437967464
2010-07-01,254.55016981132076,4.24250283018868,0.5979811320754718,0.7348849056603773,121.85739622641509,0.18554771698113207,-6.262867924528302,0.5406641509433963,53.0,241.77406942559512,242.63673419197414,243.2415176528889,0.5671141982911257,0.22717900786361378,9.656624972956575
2010-08-01,239.56966666666665,3.992827777777778,0.5691866666666667,0.7060342857142857,123.76586666666665,0.2220079,-6.592952380952381,0.5454200952380952,105.0,242.36376658954225,241.93735990003512,243.07937825894948,0.5668954881124156,0.2315138156025415,9.24567847445107
2010-09-01,247.64951515151515,4.127491919191919,0.5664424242424242,0.6835075757575757,125.6150606060606,0.2243126037878788,-7.190734848484849,0.48504348484848486,132.0,243.601539560852,242.3900664656917,243.4243396929093,0.5698826369113291,0.23678139856875827,8.833432643866589
2010-10-01,243.52770744680853,4.058795124113475,0.5746808510638298,0.697918670212766,120.43443085106382,0.2735109521276596,-6.698771276595744,0.5027957446808511,188.0,243.83335786054712,242.19644998963653,243.25316724126523,0.5725437358706981,0.23731484925229382,8.788063613438002
2010-11-01,240.41020657276997,4.0068367762128325,0.5824647887323944,0.6935892957746479,124.25794366197182,0.20888453615023472,-6.263943661971831,0.5418704225352113,213.0,243.85501545192872,241.85660824834517,243.4097068343795,0.5752257222333182,0.2300613330683848,8.778476870013758
2010-12-01,261.8573928571429,4.364289880952382,0.6056785714285714,0.6493374999999999,120.62055357142857,0.25989315714285716,-7.079857142857143,0.5216535714285714,56.0,245.82435203617777,242.47384275500792,243.27411320655992,0.5780357313908274,0.22225253334311001,9.970553377505261
2011-01-01,233.91352591463414,3.8985587652439024,0.5704978658536586,0.7074695426829268,123.73683079268294,0.18464854667682926,-6.245047256097561,0.5023859756097561,656.0,246.3309294568892,242.47152289331234,243.32935660693403,0.5769670231559353,0.21793333984205757,9.08889592660181
2011-02-01,248.31432142857142,4.138572023809524,0.5255,0.6314321428571429,117.41833928571428,0.3873131285714286,-8.979553571428571,0.4154523214285714,56.0,247.6303814762484,242.35633043299492,243.6025273079922,0.5704359483895801,0.23272281784606294,8.017743276810188
2011-03-01,220.87177499999999,3.68119625,0.550746875,0.6097398125,117.20360625,0.296287980625,-8.796356249999999,0.428629375,160.0,245.25996871330338,242.00446619688378,243.1021575086095,0.5675718125683827,0.23957800405510418,11.090041623042891
2011-04-01,245.09874193548387,4.084979032258064,0.5648817204301075,0.6149784946236558,120.238,0.3073473987096774,-8.070311827956989,0.4898690322580645,93.0,245.3591460715634,242.3340013207173,242.75563886154265,0.5695250241193764,0.24903691354038035,11.082176742853523
2011-05-01,236.42307692307693,3.9403846153846156,0.5584188034188033,0.6424042735042734,121.20426495726495,0.24973051025641024,-7.744940170940171,0.48088205128205125,117.0,243.55253632020367,242.24009248880853,242.55425115808671,0.570106641575994,0.25335823409836405,10.57122146137318
2011-06-01,236.73800649350648,3.9456334415584418,0.5475948051948052,0.6754551948051948,125.73525974025974,0.2328598681818182,-7.252071428571428,0.4750584415584416,154.0,242.41034218345806,241.8965605624016,242.55378762994818,0.5678395420088944,0.2526953582675772,10.499106359229012
2011-07-01,231.00531958762886,3.850088659793814,0.5495051546391753,0.7027628865979382,125.9370206185567,0.22827607216494847,-6.706123711340206,0.5032298969072164,97.0,240.44827133148374,241.562995843043,242.40581113822685,0.5637998772225364,0.2562560545328952,10.220505409161099
2011-08-01,228.7831678832117,3.813052798053528,0.5762547445255475,0.7165079562043796,121.27139416058395,0.18928965693430658,-6.4861167883211674,0.48571036496350367,137.0,239.54939643286252,241.09880089406246,242.27839182743682,0.5643888837107764,0.25352953427742075,10.764643380940164
2011-09-01,236.9263661971831,3.9487727699530515,0.5766704225352113,0.6269739436619718,118.3270352112676,0.28940677464788733,-7.806852112676057,0.5144084507042254,142.0,238.65580068666816,240.67376728601323,242.07537771467383,0.565241216901842,0.2589540485157548,10.472210942978561
2011-10-01,240.9357185185185,4.015595308641975,0.5354592592592593,0.661877037037037,126.19957777777778,0.28336461748148145,-7.358340740740741,0.44300370370370373,135.0,238.43980160931062,240.43900433169568,242.2470610492058,0.5619727509181278,0.2597751872952399,10.388988510569071
2011-11-01,236.72676433121018,3.9454460721868365,0.5471789808917198,0.6619146496815287,124.77305732484076,0.2515944210191083,-7.174184713375796,0.45237515923566884,157.0,238.13284808918067,240.3189533033584,242.35690880678584,0.5590322669314048,0.2633343443676461,10.37988991198407
2011-12-01,233.37777419354836,3.889629569892473,0.5703440860215054,0.6390924731182795,118.94302150537635,0.29117942795698926,-7.779698924731182,0.46591075268817206,93.0,235.75954653388115,240.18358939206811,242.05794535342253,0.5560877264808161,0.2659415336021571,7.244617064171005
2012-01-01,248.36280639999998,4.139380106666667,0.58324336,0.6707991839999999,123.63058400000001,0.23091019935999998,-6.7913664,0.4777408,625.0,236.96365324099497,240.80759064946798,242.21006658303637,0.5571498509930112,0.26979667132575463,8.064316079055711
2012-02-01,246.8024814814815,4.1133746913580245,0.544625925925926,0.6367037037037037,128.56437037037037,0.27596221962962963,-7.855962962962963,0.4979925925925926,54.0,236.83766657873744,240.81474193818363,241.8249215774247,0.558743678153505,0.2605174289139381,7.880583349569405
2012-03-01,237.60498039215685,3.960083006535948,0.5707705882352941,0.6720422549019608,125.62561764705883,0.27751665098039213,-6.905264705882352,0.4662519607843137,102.0,238.2321003614172,240.84192616534676,241.42296097930952,0.5604123209231129,0.2589531514435541,6.071432831619373
2012-04-01,231.06321276595745,3.851053546099291,0.5826879432624114,0.6814685106382978,119.08900709219857,0.23159907248226952,-6.880765957446808,0.4610602836879433,141.0,237.06247293062333,240.30721731597657,241.36872710402517,0.5618961728258048,0.2526407909246034,5.9795948923650935
2012-05-01,233.43907142857142,3.890651190476191,0.5761714285714286,0.6471038961038961,120.51575974025974,0.24194683623376625,-7.051935064935066,0.4882181818181818,154.0,236.81380580608118,240.05296768979758,241.31447582536555,0.5633755582551904,0.2519921514227164,6.06996550064674
2012-06-01,236.4912435897436,3.941520726495727,0.6053929487179487,0.6906214102564103,122.78624358974358,0.21139109807692308,-6.455044871794872,0.5275025641025641,156.0,236.79324223076762,239.71987164976468,241.1557359335817,0.5681920702154523,0.2502030872473085,6.070663581292366
2012-07-01,226.1331467889908,3.768885779816514,0.561651376146789,0.6782146788990825,118.45935779816513,0.22094744064220181,-7.106697247706422,0.45920917431192665,109.0,236.3872278308811,239.53652286265333,240.94914034765745,0.5692042553410867,0.24959236795374626,6.630109922847011
2012-08-01,241.85208,4.030868,0.572499,0.6523138,122.56748999999999,0.257813114,-7.158339999999999,0.507691,100.0,237.47630384061347,239.79648895433942,240.5675559947163,0.5688912766306244,0.25530265604255403,6.334263079491097
2012-09-01,252.697,4.211616666666666,0.5130787709497207,0.6625296089385475,121.96064804469273,0.2429196184357542,-8.497145251396649,0.4075069273743017,179.0,238.79052332418155,240.34928785723392,240.92330468158497,0.5635919723318336,0.2514287263582096,7.698836171284432
2012-10-01,241.92086144578312,4.032014357429719,0.5837710843373495,0.6901987951807229,120.1409156626506,0.19958898024096386,-6.551427710843374,0.496883734939759,166.0,238.8726185681203,240.38192601265933,240.7803540292681,0.5676179577550078,0.24444742325483315,7.728984062956958
2012-11-01,232.4459864864865,3.8740997747747747,0.5293040540540541,0.7042047297297298,121.99893243243244,0.22665467500000003,-6.215925675675676,0.44797500000000007,148.0,238.51588708106,240.16791687405646,240.44371198305524,0.5661283805185356,0.24236911108657413,7.933123667487591
2012-12-01,224.80615625,3.7467692708333336,0.62553125,0.56675,116.40034375,0.34277859374999997,-7.716,0.4872234375,64.0,237.80158558576423,239.79516138527438,240.1965320769338,0.5707273108500769,0.24666904156932504,8.778655717453143
2013-01-01,233.61685037037037,3.8936141728395057,0.5717608888888889,0.6421728711111111,120.64291851851851,0.274715334,-7.319438518518519,0.47075377777777777,675.0,236.57275591662847,239.95577953817084,240.1901955675121,0.5697704382574842,0.2503194694559917,8.177380741623617
2013-02-01,241.99145283018868,4.0331908805031444,0.5916037735849057,0.5814943396226415,118.0457358490566,0.3153118867924528,-8.86866037735849,0.4208622641509434,53.0,236.17183686235407,240.21329497244662,240.01569894801526,0.5736852588957325,0.25359860838622694,7.736285647284052
2013-03-01,260.40622077922075,4.34010367965368,0.5928181818181818,0.6191820805194805,121.61463636363635,0.30443415324675327,-7.895792207792208,0.5037389610389611,77.0,238.07194022794272,240.5213364342211,240.46348783600226,0.5755225583609732,0.2558417335750904,10.445869221128419
2013-04-01,239.22778169014086,3.987129694835681,0.5595845070422535,0.6927802816901408,119.519661971831,0.17897319436619719,-6.711739436619719,0.48767394366197186,142.0,238.7523209716247,240.3913133246038,240.56335957288,0.5735972720092933,0.25145624373208436,10.211120119337641
2013-05-01,238.0194144144144,3.96699024024024,0.5956306306306306,0.6511441441441441,122.49016216216215,0.2589826108108108,-7.784855855855856,0.49347027027027024,111.0,239.13401622044492,239.83345278224326,240.53361989859033,0.5752188721808935,0.2528758916135047,10.079208803572469
2013-06-01,223.40455629139075,3.7234092715231784,0.5638145695364238,0.672347880794702,121.73872185430463,0.22439589403973512,-7.395152317880794,0.4388033112582781,151.0,238.0434589455822,239.08234778660264,240.10527657271092,0.5717540072490997,0.2539596246104057,11.05216898338889
2013-07-01,236.8863689320388,3.9481061488673137,0.6166893203883494,0.6586145631067961,123.28456310679611,0.2014939622330097,-6.98042718446602,0.45227475728155336,103.0,238.93956079083617,238.59168665106705,240.00315523016928,0.5763405026025632,0.25233850140963976,10.416342801920754
2013-08-01,234.76783703703703,3.912797283950617,0.58358,0.6664237037037037,119.4723185185185,0.22277038592592593,-7.082622222222223,0.4907251851851852,135.0,238.34920721058927,238.4583024946884,239.82438274667803,0.5772639192692298,0.2494182740701336,10.43699919332501
2013-09-01,234.25801212121212,3.904300202020202,0.5746242424242425,0.6733333333333333,121.05074545454545,0.19569701757575758,-6.628909090909091,0.45941393939393943,165.0,236.81262488735695,238.08631629940223,239.5248900139156,0.5823927085587733,0.2454830573318005,9.442583286150573
2013-10-01,239.581106918239,3.993018448637317,0.5731257861635219,0.6911076748427674,120.98192452830189,0.19464797484276727,-6.673635220125786,0.46118427672955975,159.0,236.6176453433949,237.97668850694197,239.36145538132047,0.581505600377621,0.2450713068819508,9.35122927272863
2013-11-01,241.4214557823129,4.023690929705215,0.5948095238095238,0.6805137428571428,123.23938775510203,0.2339805,-6.61139455782313,0.4581401360544217,147.0,237.36560111804712,238.00477876276258,239.36766962183646,0.5869643895239102,0.2456817922986175,9.346175596307264
2013-12-01,226.989925,3.783165416666667,0.6043499999999999,0.62198625,116.69312500000001,0.26155345125,-7.432437500000001,0.450035,80.0,237.54758184721382,237.03623798895308,239.17998712183646,0.5851992853572435,0.23891303042361745,9.097345150850543
2014-01-01,235.303722741433,3.921728712357217,0.5740847352024923,0.6486308411214953,123.12218691588785,0.22894542492211836,-7.0401900311526475,0.4739214953271028,321.0,237.68815454480236,237.07485456747528,239.33673648196697,0.5853929392167104,0.235098871333794,9.043961834358178
2014-02-01,228.74760465116282,3.81246007751938,0.5975465116279071,0.709593023255814,123.71711627906977,0.23494575581395347,-5.798162790697674,0.5255395348837208,86.0,236.58450052988357,236.53133465699167,239.0401126413577,0.5858881673869606,0.22840169375225242,9.276187168946022
2014-03-01,240.08017708333333,4.001336284722222,0.58684375,0.6494151041666667,119.98174999999999,0.2635125395833333,-7.901791666666667,0.4656688541666667,96.0,234.89066355522627,237.06490138152873,239.09767645584182,0.5853902980687787,0.2249915592803007,5.695616551305768
2014-04-01,231.78335772357724,3.8630559620596205,0.5784227642276423,0.6505121951219512,120.63567479674796,0.2401575788617886,-6.806512195121951,0.48808048780487806,123.0,234.27029489134597,236.69502959786465,238.78885356218007,0.5869601528342278,0.23009025798826668,5.584613564886826
2014-05-01,230.3644918032787,3.8394081967213114,0.5893770491803278,0.5926147540983607,117.40147540983607,0.29762456229508194,-7.4890655737704925,0.45266639344262294,122.0,233.63238467375132,236.52673556675913,238.5850607927178,0.5864390210467026,0.23331042061195595,5.5545496714304425
2014-06-01,229.8784861878453,3.831308103130755,0.6037513812154696,0.6629502762430939,121.72367403314918,0.23943361430939225,-6.762701657458563,0.489032044198895,181.0,234.1718788317892,236.3361933360463,238.27499054533305,0.5897670886866231,0.2345635639677607,4.722998620301271
2014-07-01,236.77233962264148,3.9462056603773585,0.596122641509434,0.6891794349056604,125.41356603773585,0.17990880471698115,-6.775924528301887,0.47819150943396227,106.0,234.16237638933944,236.49638833701889,238.3423011536271,0.5880531987800467,0.232764800841425,4.717151797666408
2014-08-01,232.61350000000002,3.876891666666667,0.6140555555555556,0.6927740740740741,122.46665432098764,0.2003209574074074,-5.918796296296296,0.4951203703703704,162.0,233.98284830291968,236.60278645137416,238.34430447530542,0.5905928284096764,0.23089401513154842,4.732982947285841
2014-09-01,230.69457528957528,3.844909588159588,0.5841776061776062,0.6126853281853282,121.89298841698842,0.2845856123552124,-7.233957528957529,0.46624478764478766,259.0,233.6858952336166,236.42968114838504,238.30927673853506,0.5913889420557901,0.23830139802983638,4.825041254192527
2014-10-01,228.7600634920635,3.812667724867725,0.5915956349206349,0.6757104924603174,124.71166666666667,0.21390001785714285,-6.740769841269842,0.44413928571428574,252.0,232.78414161476863,236.0914685087613,238.10951299922831,0.5929280961188829,0.23990573494770095,4.6303704605530855
2014-11-01,230.7425741935484,3.845709569892473,0.5759548387096773,0.6596638709677419,124.82383870967742,0.2094639606451613,-7.149316129032258,0.4298554838709677,155.0,231.89423481570495,235.92524100493736,237.95271731118427,0.5913568723605622,0.23786269000146443,3.7647314137675325
2014-12-01,229.84521167883213,3.830753527980535,0.602109489051095,0.6322177299270073,122.75392700729927,0.2587389452554744,-7.775291970802919,0.38823795620437956,137.0,232.13217537227425,235.8271142684174,237.81304827506224,0.5911701631148202,0.237628147835254,3.5080696756501792
2015-01-01,220.48593373493978,3.674765562248996,0.5810783132530121,0.6180671849397591,117.07881325301204,0.2515847874698795,-7.37783734939759,0.43685,166.0,230.89735962173316,235.05275669438802,237.69057055620962,0.5917529612856968,0.23951476138090075,4.696721038499767
2015-02-01,230.48426229508198,3.8414043715846997,0.5925245901639344,0.6151489262295082,125.30206557377049,0.22950486065573772,-7.101975409836066,0.4429690983606558,122.0,231.04208109205976,234.59947282809915,237.65329330785664,0.5913344678303658,0.2390613534510494,4.650991536206019
2015-03-01,238.2204964539007,3.970341607565012,0.5909007092198582,0.6914162411347518,118.57475886524823,0.25448433971631207,-6.544744680851063,0.46475113475177304,141.0,230.8871077062737,234.61657049648088,237.46835611283265,0.5916725477653539,0.238309003462131,4.343262409384292
2015-04-01,230.13108641975307,3.8355181069958846,0.5782481481481481,0.6326111111111111,116.36366049382717,0.2680997407407407,-6.5640432098765435,0.4480537654320988,162.0,230.749418430955,234.5906780979752,237.23873065922245,0.5916579964253961,0.24063751695204363,4.338454018512096
2015-05-01,224.57384444444446,3.7428974074074075,0.5825777777777777,0.6321557044444444,122.6366888888889,0.19786996444444446,-7.539133333333333,0.40609925925925927,135.0,230.26686448438548,234.34442179286057,236.6799215009733,0.5910913904751836,0.23232463379782387,4.692733859103704
2015-06-01,213.09524822695036,3.5515874704491726,0.5753276595744681,0.6244922695035461,120.45829078014184,0.25306897468085104,-7.523092198581561,0.42052205673758863,141.0,228.86826132097758,233.69453303278294,236.05743670251493,0.5887227470051001,0.23346091382877876,6.832274606489098
2015-07-01,231.83104545454546,3.8638507575757575,0.6414772727272727,0.6356874454545454,116.60905303030303,0.22239680303030301,-7.328643939393939,0.4806742424242424,132.0,228.4564868069696,233.85280799571507,235.67878462990203,0.5925022996065867,0.2370015803548889,6.45085389909308
2015-08-01,225.1202658227848,3.752004430379747,0.5771645569620254,0.6595354430379746,122.88670886075948,0.24784235854430378,-6.3583670886075945,0.4745215189873418,158.0,227.83205062553498,233.3880353796813,235.437961282504,0.5894280497237925,0.24096169711629697,6.374089892497079
2015-09-01,222.95363346613547,3.7158938911022577,0.5888366533864542,0.6403526693227092,122.60339840637451,0.23445935896414344,-7.2106932270916335,0.39337011952191236,251.0,227.18697214024834,232.56183075374065,235.02636325441432,0.5898163036578632,0.23678450933370784,6.449317321424624
2015-10-01,225.22996464646465,3.753832744107744,0.5820808080808081,0.6426566661616162,122.38876767676767,0.2427785914141414,-6.901535353535353,0.4486742424242425,198.0,226.89279723644844,232.09819473153735,234.7214008744086,0.5890234014212109,0.23919105713012442,6.451549697398083
2015-11-01,217.40975829383888,3.623495971563981,0.6016729857819906,0.6070789573459716,116.16081990521327,0.2866891777251185,-7.912582938388626,0.48335971563981045,211.0,225.78172924480597,231.68052172618602,234.3380600697597,0.5911665803439037,0.2456264918867875,6.8632155759460165
2015-12-01,222.43643859649123,3.707273976608187,0.6127736842105264,0.5972478070175439,113.82334210526317,0.2559117836842105,-7.038736842105264,0.4428078947368421,114.0,225.16433148794422,231.6146962358108,233.68104416541556,0.5920552632738563,0.2453908950891822,6.797365322541084
2016-01-01,219.74445801526718,3.662407633587786,0.6117763358778626,0.6135877862595419,121.00538167938932,0.22622742595419848,-7.778992366412214,0.47093969465648855,131.0,225.10254184463818,231.22935200372456,233.44489303375943,0.5946134318259272,0.24327778162954208,6.8469484643837575
2016-02-01,224.49670796460177,3.7416117994100295,0.6390884955752212,0.6210265486725663,121.2730796460177,0.24427184955752212,-6.6932654867256645,0.48841238938053094,113.0,224.60357898376483,230.74338686856942,233.04793280935993,0.5984937572768677,0.24450836403802412,6.633964182066192
2016-03-01,225.9808350515464,3.7663472508591065,0.6071752577319588,0.5964099164948453,121.959793814433,0.2559900773195876,-7.781948453608248,0.4254783505154639,97.0,223.58360720023532,229.78712615391174,233.13308381021903,0.5998499696528762,0.24463384217163042,5.117675005452058
2016-04-01,213.17798039215685,3.552966339869281,0.6082745098039216,0.580038039869281,120.68999346405228,0.3169630065359477,-7.479045751633987,0.4477542483660131,153.0,222.1708483646023,229.0635205623011,232.60107111783026,0.602352166457524,0.24870578098789767,5.47351895188269
2016-05-01,224.23671649484538,3.737278608247423,0.6047773195876289,0.6096170072164948,119.60306701030927,0.20584496907216493,-7.0966237113402055,0.4220396907216495,194.0,222.14275436880237,228.68066784231308,232.39796511069304,0.6042021282750115,0.24937036470687435,5.460914480389679
2016-06-01,221.73570351758792,3.6955950586264654,0.606713567839196,0.6281441708542714,121.60721608040201,0.25209921351758796,-6.79535175879397,0.44072010050251254,199.0,222.86279230968884,228.63431082081854,232.14792672776107,0.6068176206304056,0.24928955127660246,4.672203334190697
2016-07-01,218.40977205882353,3.6401628676470588,0.6281985294117647,0.5924472058823529,121.89903676470588,0.25231135294117646,-7.856948529411765,0.39508676470588233,136.0,221.74435286004532,228.12107201878476,231.93800093561433,0.6057110586874465,0.2517824304358419,3.8672666787517995
2016-08-01,226.6015602094241,3.776692670157068,0.6048167539267015,0.6081649214659686,120.05802617801046,0.27590348691099476,-7.220130890052356,0.4258068062827225,191.0,221.86779405893196,227.8942309957955,231.90164080771788,0.608015408434503,0.2541208577997328,4.005973827335848
2016-09-01,228.59913612565444,3.809985602094241,0.5991570680628272,0.6311251308900524,115.97059685863876,0.27046166125654447,-6.902581151832461,0.4497266492146597,191.0,222.33825261389185,227.73703999591893,231.76285363985906,0.6088754429908673,0.25712104965743293,4.451782412554894
2016-10-01,220.3409402173913,3.6723490036231885,0.5927173913043479,0.6384033711956522,122.7308043478261,0.2444009510869565,-6.923755434782609,0.4506082608695652,184.0,221.9308339114691,227.2025909208954,231.4196073348403,0.6097618249261623,0.25725624629683413,4.386315615607575
2016-11-01,201.10949295774648,3.351824882629108,0.5288262910798122,0.47881459530516435,111.10907042253521,0.4074176088262911,-12.76799530516432,0.36904413145539905,213.0,220.5724784667947,226.08281417576853,230.82598614528254,0.6036912670343141,0.2673169488885985,7.401375619553235
2016-12-01,213.50679640718565,3.5584466067864273,0.6100299401197605,0.5402646706586827,115.49106586826346,0.3640961500598802,-8.923898203592813,0.4159683233532934,167.0,219.82834161768594,225.70828282596815,230.49480318217647,0.603462621693417,0.2763323127532377,7.641921530603185
2017-01-01,209.7877118644068,3.4964618644067795,0.47247966101694916,0.592956129661017,110.11014406779661,0.2824581511864407,-13.167432203389831,0.30514974576271187,118.0,218.99861277178084,224.99950474605075,229.8518849399166,0.5918545654550075,0.2810182065225912,8.173874242030516
2017-02-01,215.26157943925236,3.5876929906542054,0.6139813084112149,0.5915458878504672,112.455,0.2959854112149533,-7.5343177570093465,0.42012990654205606,107.0,218.22901872800176,224.62489293460877,229.3262032392128,0.589762299858007,0.28532766999404385,8.042859559556852
2017-03-01,220.2922575757576,3.6715376262626265,0.6517727272727273,0.5803909090909091,119.95052272727273,0.26155555303030303,-6.985515151515151,0.4282166666666667,132.0,217.75497060501937,224.0752285038428,229.03765785893947,0.593478755653071,0.2857914596366034,7.704975532946759
2017-04-01,218.12411111111112,3.635401851851852,0.5849314009661836,0.5906425710144928,117.19592270531402,0.2903456095169082,-8.887314009661836,0.38293536231884057,207.0,218.16714816493223,223.69580498682984,228.82200616469203,0.5915334965832595,0.2835733432183501,7.56896695731527
2017-05-01,198.9770141509434,3.3162835691823895,0.5447518867924528,0.5806544353773585,109.87784433962264,0.3306949146226415,-11.153037735849056,0.3606636320754717,212.0,216.06217296960708,222.8239306075983,228.24763854339824,0.5865313771836614,0.29397750534755657,9.087615977493858
2017-06-01,218.943875,3.6490645833333337,0.6335048076923078,0.6012023557692308,116.14439423076922,0.24929811875000002,-7.139899038461538,0.4396149038461538,208.0,215.8295205931414,222.52019140793593,227.95518240023586,0.5887639805047541,0.2937440807835909,8.964060250254997
2017-07-01,206.6152340425532,3.4435872340425533,0.6175035460992908,0.6040929078014184,119.19578014184397,0.27470050361702125,-7.464765957446808,0.42351489361702127,141.0,214.84664242511886,221.68249403071127,227.62988385446187,0.5878727318953813,0.29560984333991125,9.295898034589449
2017-08-01,200.98965644171778,3.349827607361963,0.6359938650306749,0.571335582822086,118.87084049079755,0.3507268472392638,-7.597773006134969,0.4667883435582822,163.0,212.71231711114334,220.80405393187007,226.94884346182383,0.5904708244873791,0.301845123367267,9.291857417028337
2017-09-01,209.43893258426965,3.4906488764044945,0.6466573033707865,0.6079923033707865,119.49507865168539,0.2421394157303371,-7.408157303370786,0.46854943820224715,178.0,211.11563348269462,220.21361941227826,226.22787567156166,0.594429177429709,0.29948493624008304,7.847732743751943
2017-10-01,205.29539215686276,3.421589869281046,0.6187794117647059,0.5585600392156863,114.50050490196078,0.3012801617647059,-8.438333333333334,0.40198367647058825,204.0,209.86183781098387,219.56182298630048,225.61745118341298,0.5966010124680722,0.3042248704632288,7.430654462157613
2017-11-01,208.10310967741935,3.4683851612903225,0.6424516129032258,0.5776756129032258,118.07634838709677,0.32478014838709673,-7.827774193548388,0.4343954838709677,155.0,210.44463920428998,218.93294897196358,225.21173656992855,0.60606978928669,0.2973384154266293,6.939836111145366
2017-12-01,203.62932,3.393822,0.6691542857142857,0.5895777142857143,125.69770285714287,0.2710842114285714,-7.598942857142857,0.43277885714285713,175.0,209.62151617035784,218.20472975866267,224.85878929909524,0.6109968180862337,0.2895874205406869,7.126875947734632
2018-01-01,207.65589156626504,3.460931526104418,0.6552602409638555,0.6206168674698795,119.51010843373494,0.22251718072289156,-6.961746987951808,0.4589009638554217,83.0,209.44386447884605,217.84833969842168,224.42610665236012,0.6262285330818093,0.2845923396687245,7.148892515067792
2018-02-01,203.07747706422018,3.384624617737003,0.6701743119266056,0.587408256880734,122.44511926605504,0.3026555321100917,-7.276321100917431,0.4401752293577982,109.0,208.42852261426,217.08704010867552,223.77754038959398,0.6309112833747584,0.2851481830766527,7.112647878256459
2018-03-01,196.02016783216786,3.2670027972027973,0.6554335664335664,0.5649846153846154,117.71767132867133,0.2970366503496504,-7.40167132867133,0.3997538461538461,143.0,206.40584846896084,215.91480875807187,222.7044395071431,0.6312163533048284,0.2881049411865983,6.879560576781197
2018-04-01,204.58249756097564,3.4097082926829265,0.6615853658536586,0.6257942926829269,121.5112975609756,0.26858968731707317,-6.6964,0.48358682926829266,205.0,205.27738067311623,215.20512573421695,222.12701810499036,0.637604183712118,0.28629194766994537,5.81015995252964
2018-05-01,201.8244319526627,3.363740532544379,0.6792485207100593,0.6222704142011835,119.30369822485207,0.2598253775147929,-6.469781065088758,0.4755644970414201,169.0,205.5146654899262,214.57319760944517,221.52376839729448,0.6488122365385852,0.280386152910958,5.583173852622405
2018-06-01,202.33720689655172,3.3722867816091955,0.645423645320197,0.6139778325123153,126.32291625615764,0.23834163990147783,-6.6745812807881775,0.4493408866995074,203.0,204.13077648130547,214.27436312804522,221.1726459073805,0.649805473007576,0.2794731130069145,3.6885686130341475
2018-07-01,210.84752173913046,3.5141253623188407,0.6811956521739131,0.5773086956521739,116.80357608695653,0.3223980434782609,-7.714684782608695,0.4751586956521739,92.0,204.48346712268696,213.69148746928371,220.73866512083202,0.6551131485137945,0.2834479079953511,4.1243222227340715
2018-08-01,208.81017289719625,3.4801695482866046,0.6604130841121495,0.5879961682242991,124.31914485981308,0.2696147803738318,-7.310004672897196,0.4582266355140187,214.0,205.13517682731012,213.2384293324618,220.30603738516803,0.6571480834372507,0.2766885690898985,4.1399092555033805
2018-09-01,202.34264963503648,3.372377493917275,0.6730437956204379,0.5723526277372263,122.8698905109489,0.3019143795620438,-7.763525547445256,0.430393503649635,137.0,204.54381991487404,212.66590200382018,219.77411467706509,0.6593469577913883,0.281669816075874,3.972711389320788
2018-10-01,198.3544727272727,3.3059078787878784,0.6560231818181818,0.5580331818181818,121.71518181818182,0.28969607909090905,-7.592722727272728,0.43406818181818185,220.0,203.96540996240822,211.9193605616204,219.08700410721565,0.6624506052958447,0.28070447585305763,4.341504290069809
2018-11-01,194.98815021459228,3.2498025035765377,0.6715489270386266,0.5830840772532189,120.75753218884121,0.27013967896995705,-7.732935622317597,0.4306431330472103,233.0,202.87249667383927,211.29653811497465,218.31311568108697,0.6648753814737948,0.2761511034016293,4.828630284608677
2018-12-01,189.790421875,3.1631736979166667,0.6784218750000001,0.5769793229166666,125.50118229166667,0.24581417708333334,-7.5363854166666675,0.436215625,192.0,201.71925516342262,210.38970431715546,217.69312396233695,0.6656476805809376,0.27404526720619277,6.113180115716324
2019-01-01,200.0599518072289,3.3343325301204816,0.638722891566265,0.5573446987951808,119.35806024096387,0.331305421686747,-8.186265060240965,0.4600918072289157,83.0,201.0862601835029,209.84291247804327,217.1057277801002,0.6642695681311385,0.28311095395318076,5.829253238562242
2019-02-01,197.36586274509804,3.289431045751634,0.6598107843137255,0.576276862745098,119.80833333333334,0.30072998039215687,-7.34035294117647,0.4656343137254902,102.0,200.6102923235761,209.08927788861263,216.5826987483325,0.6634059408300651,0.2829504913100195,5.884803187422016
2019-03-01,196.47650632911393,3.2746084388185657,0.6470063291139241,0.5885205063291139,118.25138607594937,0.2850209088607595,-7.957411392405063,0.4445518987341772,158.0,200.64832053165492,208.26971320187837,215.85597090242885,0.6627036710534282,0.2819491795192786,5.853837778971738
2019-04-01,206.5386474820144,3.4423107913669067,0.6431079136690647,0.5993892805755396,120.5958273381295,0.2241384604316547,-7.670381294964029,0.46689136690647487,139.0,200.81133302507484,208.08528728770776,215.43522573173612,0.6611638833713788,0.2782449106121604,5.99879465147069
2019-05-01,203.929015,3.3988169166666666,0.66137,0.58733395,120.601405,0.29178216500000004,-7.378765,0.5043185,200.0,200.98671494568626,207.5211844684065,214.9946344516815,0.6596740066455404,0.2809079762359276,6.061543274975514
2019-06-01,191.11642613636366,3.1852737689393944,0.6513988636363637,0.5522473863636364,119.66232954545454,0.2853273340909091,-8.740556818181817,0.4718090909090909,176.0,200.05164988233727,206.6706489855947,214.34860011749012,0.6601719415052211,0.2848234507517136,6.669278196027999
2019-07-01,201.6167722222222,3.3602795370370373,0.6882538888888889,0.6196777777777778,118.4144388888889,0.25406589444444444,-6.831738888888888,0.48350444444444446,180.0,199.28242075592823,206.20417676791135,213.76267399414976,0.6607601278981357,0.2791291049988956,5.784541984066331
2019-08-01,209.21671014492753,3.4869451690821256,0.6284589371980677,0.5519275893719806,116.50552173913043,0.3237107541062802,-8.624599033816425,0.4554111111111111,207.0,199.31629885990586,205.7212642661198,213.37272749656526,0.6580972823219621,0.28363710280993293,5.846276652766295
2019-09-01,195.4184523809524,3.256974206349206,0.5971136904761905,0.5767224404761905,118.85624999999999,0.2842640119047619,-9.707547619047618,0.4285636904761905,168.0,198.7392824220655,204.7995786065447,212.78479211475488,0.6517697735599416,0.28216623883849273,5.862108604747428
2019-10-01,189.50072811059908,3.1583454685099843,0.6288248847926268,0.5808459239631336,117.23926267281105,0.29970520368663595,-7.932585253456222,0.46107244239631334,217.0,198.001470370676,203.9429060480227,212.13046985839713,0.649503248807812,0.28300033255480334,6.4433044741950765
2019-11-01,191.03122784810125,3.1838537974683545,0.6351139240506328,0.5745926582278481,118.83228270042194,0.3142637860759494,-7.871991561181435,0.47277805907173,237.0,197.6717268401351,203.66295423942145,211.46861408597303,0.6464669985588125,0.2866773414803027,6.707372544299539
2019-12-01,193.46075939849624,3.224345989974937,0.6639699248120301,0.5765886466165413,120.13912781954888,0.26802106766917294,-8.15675939849624,0.4630751879699248,133.0,197.97758830042645,203.10611987806897,210.86220654796742,0.6452626693764817,0.28852791569578934,6.3915567528550135
2020-01-01,199.6009748427673,3.326682914046122,0.6543962264150944,0.5480705031446541,117.4056289308176,0.29351189716981135,-8.926257861635222,0.4293176100628931,159.0,197.93934022005467,202.8231549608012,210.5141238997645,0.6465687806138841,0.28537845531937805,6.379324316444618
2020-02-01,192.48609375,3.2081015625,0.65652734375,0.61678203125,120.63815625,0.2635306796875,-7.72523046875,0.490281015625,256.0,197.53269280379652,202.1905025805442,209.88082109067983,0.6462951605669071,0.28227851359399,6.5718285906469465
2020-03-01,198.76735234899328,3.312789205816555,0.6837785234899328,0.6127724832214765,124.39279194630873,0.22523503291946306,-6.880909395973155,0.47724697986577186,298.0,197.72359663878646,201.59258854646743,209.2232686889314,0.6493595100982411,0.27729635726554863,6.571631624614483
2020-04-01,191.4305622895623,3.1905093714927046,0.672077441077441,0.589636026936027,119.40111784511784,0.2702922727272727,-7.459420875420875,0.49782558922558917,297.0,196.4645895394154,200.85110107920215,208.57825995342822,0.6517736373822723,0.28114250829018345,6.163866390966903
2020-05-01,193.1622459396752,3.219370765661253,0.7002505800464037,0.6237782134570765,123.11553364269142,0.21587282728538282,-6.723002320185615,0.47718236658932717,431.0,195.56735878438838,200.68957974000028,208.05473331168204,0.6550136857194727,0.2748167301472986,5.748148217260478
2020-06-01,208.82500317460318,3.4804167195767195,0.6495968253968254,0.6441441269841269,119.78654603174604,0.25339216095238093,-6.634155555555556,0.5022387301587301,315.0,197.043073537575,200.40849996707257,207.98356256080962,0.6548635158661779,0.27215546571908794,6.696503919280917
2020-07-01,208.82500317460318,3.4804167195767195,0.6495968253968254,0.6441441269841269,119.78654603174604,0.25339216095238093,-6.634155555555556,0.5022387301587301,315.0,197.6437594502734,200.46988244296284,207.60012852281054,0.6516420939085058,0.272099321261416,7.42746791355482
2020-08-01,208.82500317460318,3.4804167195767195,0.6495968253968254,0.6441441269841269,119.78654603174604,0.25339216095238093,-6.634155555555556,0.5022387301587301,315.0,197.61111720274639,200.6875309633208,207.3285408120075,0.6534035845917358,0.2662394384985911,7.372641767321792
2020-09-01,208.82500317460318,3.4804167195767195,0.6495968253968254,0.6441441269841269,119.78654603174604,0.25339216095238093,-6.634155555555556,0.5022387301587301,315.0,198.72832976888398,200.67047736860783,207.093063640482,0.6577771791684552,0.26366678425255935,7.999317047414761
2020-10-01,208.82500317460318,3.4804167195767195,0.6495968253968254,0.6441441269841269,119.78654603174604,0.25339216095238093,-6.634155555555556,0.5022387301587301,315.0,200.33868602421762,200.7685221191006,206.81964761595097,0.6595081742188051,0.2598073640247047,7.917500866861672
2020-11-01,208.82500317460318,3.4804167195767195,0.6495968253968254,0.6441441269841269,119.78654603174604,0.25339216095238093,-6.634155555555556,0.5022387301587301,315.0,201.82150063475945,200.78857471624463,206.67656836396372,0.6607150826643212,0.2547347285977407,7.678535317187315
2020-12-01,208.82500317460318,3.4804167195767195,0.6495968253968254,0.6441441269841269,119.78654603174604,0.25339216095238093,-6.634155555555556,0.5022387301587301,315.0,203.10185428276836,200.93289924887247,206.44971110693223,0.6595173243797208,0.25351565303800805,7.434772962409996
